Customer_ID,Recency,Frequency,Monetary,Cluster
12346.0,246.0,15,-64.68,0
12347.0,153.0,2,1323.32,1
12349.0,609.0,4,2646.99,0
12352.0,1.0,2,343.8,1
12356.0,31.0,3,3562.25,1
12358.0,159.0,3,2719.01,1
12359.0,8.0,8,2469.36,1
12360.0,1.0,6,1550.83,1
12361.0,98.0,3,321.35,1
12362.0,699.0,1,130.0,0
12369.0,131.0,3,1791.15,1
12370.0,101.0,3,774.62,1
12371.0,252.0,3,2179.42,0
12373.0,254.0,2,763.0500000000001,0
12380.0,284.0,10,5167.44,0
12386.0,122.0,1,258.9,1
12388.0,190.0,2,1120.45,1
12389.0,304.0,3,1433.33,0
12391.0,253.0,6,2286.93,0
12393.0,155.0,3,794.15,1
12395.0,275.0,4,2048.64,0
12396.0,285.0,1,931.43,0
12399.0,127.0,3,853.65,1
12402.0,1.0,6,1018.55,1
12403.0,188.0,1,591.6600000000001,1
12406.0,41.0,4,2791.46,1
12409.0,128.0,6,12033.539999999999,1
12412.0,95.0,5,1354.15,1
12413.0,304.0,1,241.35,0
12414.0,306.0,5,130.0,0
12415.0,245.0,7,19543.84,0
12417.0,8.0,15,3129.41,1
12418.0,7.0,4,1348.37,1
12422.0,62.0,18,3315.79,1
12424.0,97.0,5,1528.82,1
12425.0,216.0,2,903.61,0
12426.0,284.0,2,728.6800000000001,0
12427.0,275.0,1,303.5,0
12429.0,36.0,6,3685.11,1
12431.0,188.0,16,4303.02,1
12433.0,122.0,6,7052.99,1
12435.0,9.0,4,6096.04,1
12437.0,30.0,28,7498.19,1
12440.0,125.0,3,768.15,1
12441.0,122.0,1,173.55,1
12443.0,518.0,1,485.31,0
12445.0,244.0,2,293.08000000000004,0
12450.0,215.0,5,469.07,0
12451.0,306.0,4,3613.0099999999998,0
12454.0,92.0,7,4292.71,1
12455.0,37.0,4,3413.09,1
12458.0,95.0,2,830.09,1
12460.0,94.0,1,326.65,1
12467.0,2.0,2,0.0,1
12468.0,99.0,7,2900.5099999999998,1
12469.0,219.0,2,3070.54,0
12471.0,2.0,81,19207.69,3
12472.0,5.0,26,10727.21,1
12474.0,1.0,25,4849.98,1
12476.0,1.0,18,7169.04,1
12477.0,215.0,3,7056.63,0
12480.0,124.0,4,2153.4700000000003,1
12481.0,8.0,8,6626.17,1
12482.0,7.0,32,21893.53,3
12483.0,70.0,14,2519.7400000000002,1
12484.0,279.0,8,1808.58,0
12486.0,246.0,1,1037.28,0
12487.0,456.0,2,259.79999999999995,0
12490.0,100.0,12,4400.71,1
12492.0,335.0,1,452.0,0
12494.0,7.0,5,604.17,1
12495.0,100.0,2,323.4,1
12497.0,223.0,3,5168.650000000001,0
12500.0,9.0,12,1666.04,1
12503.0,251.0,1,1126.0,0
12505.0,30.0,2,912.5,1
12507.0,251.0,1,539.25,0
12510.0,41.0,14,2706.76,1
12511.0,155.0,2,3065.77,1
12514.0,131.0,1,580.08,1
12516.0,216.0,2,1336.56,0
12519.0,337.0,2,354.35,0
12523.0,9.0,17,2475.28,1
12524.0,131.0,10,6605.64,1
12525.0,67.0,8,835.1800000000001,1
12527.0,307.0,2,386.8,0
12529.0,219.0,2,311.78000000000003,0
12530.0,162.0,7,2066.23,1
12533.0,41.0,6,1149.99,1
12540.0,72.0,17,8798.25,1
12542.0,3.0,4,423.38,1
12549.0,11.0,6,1575.68,1
12553.0,2.0,3,896.57,1
12557.0,36.0,4,6725.18,1
12567.0,40.0,8,4278.88,1
12568.0,223.0,1,70.0,0
12573.0,32.0,4,556.87,1
12575.0,125.0,2,622.8199999999999,1
12576.0,1.0,5,776.89,1
12577.0,639.0,5,995.9499999999999,0
12578.0,155.0,3,1819.0900000000001,1
12580.0,7.0,1,637.2,1
12582.0,37.0,2,1469.04,1
12583.0,62.0,14,7157.5599999999995,1
12586.0,183.0,4,1848.73,1
12588.0,215.0,4,724.08,0
12589.0,306.0,9,2447.49,0
12590.0,8.0,2,-7.9,1
12592.0,127.0,6,715.02,1
12594.0,125.0,6,1724.29,1
12598.0,284.0,6,1411.99,0
12599.0,2.0,6,1264.14,1
12600.0,1.0,16,2374.75,1
12605.0,2.0,5,1225.45,1
12609.0,336.0,7,2291.01,0
12613.0,99.0,7,3372.54,1
12615.0,64.0,7,3273.69,1
12621.0,62.0,22,10967.24,1
12623.0,11.0,8,3334.7400000000002,1
12629.0,2.0,2,1558.22,1
12631.0,94.0,6,2811.77,1
12632.0,158.0,4,738.88,1
12633.0,187.0,5,3454.58,1
12634.0,97.0,2,490.0,1
12635.0,1.0,2,1241.23,1
12636.0,699.0,1,141.0,0
12637.0,31.0,4,2318.41,1
12638.0,70.0,1,249.8,1
12639.0,336.0,2,826.27,0
12643.0,161.0,8,4536.26,1
12644.0,40.0,5,1337.63,1
12645.0,101.0,5,1743.72,1
12647.0,1.0,35,14012.87,3
12648.0,100.0,4,778.95,1
12649.0,2.0,7,1634.99,1
12651.0,123.0,4,251.29999999999998,1
12652.0,336.0,1,97.05000000000001,0
12653.0,339.0,1,1950.98,0
12655.0,2.0,1,261.35,1
12656.0,63.0,4,2338.06,1
12662.0,34.0,11,3132.09,1
12663.0,101.0,3,204.0,1
12665.0,132.0,3,239.7,1
12666.0,62.0,1,1248.42,1
12668.0,100.0,6,7637.53,1
12670.0,40.0,2,764.24,1
12671.0,8.0,1,2622.481,1
12673.0,276.0,1,619.5,0
12675.0,68.0,4,934.8,1
12676.0,63.0,6,1441.7,1
12677.0,40.0,3,389.3,1
12678.0,32.0,10,16262.87,1
12681.0,36.0,30,16874.17,1
12682.0,32.0,24,11657.59,1
12683.0,91.0,9,4197.51,1
12686.0,275.0,1,89.14,0
12692.0,9.0,1,110.95,1
12693.0,123.0,5,809.46,1
12695.0,10.0,3,825.02,1
12696.0,336.0,3,801.15,0
12701.0,250.0,4,1648.7,0
12705.0,640.0,8,4739.76,0
12708.0,93.0,15,2501.84,1
12709.0,41.0,30,21018.51,3
12711.0,161.0,2,1339.05,1
12712.0,40.0,14,2738.03,1
12714.0,94.0,7,9384.85,1
12720.0,123.0,13,2334.6,1
12721.0,91.0,4,1277.7,1
12725.0,251.0,4,2266.76,0
12726.0,67.0,4,1405.5,1
12727.0,67.0,3,1698.8300000000002,1
12730.0,188.0,1,829.25,1
12731.0,312.0,5,6879.8,0
12734.0,1.0,2,529.25,1
12738.0,302.0,1,155.35,0
12739.0,62.0,2,1713.69,1
12744.0,186.0,4,4037.77,1
12745.0,65.0,3,925.41,1
12746.0,486.0,3,230.85000000000002,0
12747.0,32.0,22,4968.58,1
12748.0,2.0,159,20898.03,3
12749.0,63.0,8,2460.29,1
12755.0,91.0,19,4203.15,1
12758.0,97.0,6,6987.41,1
12759.0,158.0,5,3489.3,1
12760.0,64.0,1,347.8,1
12761.0,125.0,2,782.95,1
12763.0,214.0,1,320.08,0
12765.0,130.0,6,1404.58,1
12766.0,122.0,5,3036.8,1
12768.0,246.0,2,3.552713678800501e-15,0
12770.0,94.0,6,1624.5,1
12771.0,34.0,2,262.5,1
12776.0,71.0,1,55.5,1
12777.0,125.0,1,519.45,1
12778.0,123.0,3,953.45,1
12779.0,1.0,10,2538.06,1
12782.0,32.0,8,2252.7200000000003,1
12785.0,312.0,3,773.6,0
12786.0,99.0,1,728.5,1
12788.0,306.0,4,444.9,0
12791.0,1.0,8,585.15,1
12793.0,275.0,2,471.85,0
12797.0,32.0,4,531.28,1
12800.0,344.0,3,584.25,0
12802.0,64.0,7,1937.84,1
12803.0,31.0,1,1092.81,1
12805.0,285.0,4,1434.95,0
12808.0,183.0,3,422.45,1
12809.0,131.0,6,1220.98,1
12810.0,344.0,2,534.99,0
12811.0,124.0,2,519.05,1
12813.0,68.0,3,1687.8,1
12817.0,215.0,2,524.94,0
12819.0,156.0,1,540.52,1
12820.0,154.0,9,1705.6,1
12821.0,161.0,1,128.07999999999998,1
12823.0,62.0,13,4742.0,1
12825.0,131.0,2,518.63,1
12826.0,91.0,8,1460.57,1
12829.0,159.0,1,92.30000000000001,1
12831.0,306.0,2,236.06,0
12835.0,4.0,49,6018.67,3
12836.0,189.0,13,3933.61,1
12838.0,7.0,11,2692.9,1
12839.0,63.0,16,4344.21,1
12840.0,128.0,5,1299.6,1
12841.0,4.0,18,3514.08,1
12842.0,668.0,2,799.0,0
12843.0,68.0,25,4664.85,1
12848.0,313.0,1,208.0,0
12849.0,92.0,4,2039.67,1
12853.0,124.0,7,1846.8,1
12854.0,395.0,6,1633.22,0
12855.0,62.0,4,612.84,1
12857.0,307.0,5,2577.85,0
12859.0,156.0,1,575.1,1
12862.0,63.0,2,1008.3199999999999,1
12863.0,67.0,5,2271.35,1
12867.0,67.0,6,3876.47,1
12868.0,1.0,3,640.0,1
12870.0,122.0,4,1662.05,1
12872.0,3.0,12,3078.37,1
12873.0,154.0,2,1653.3,1
12874.0,281.0,3,933.42,0
12875.0,41.0,3,1013.76,1
12876.0,62.0,3,1850.5700000000002,1
12877.0,246.0,8,1419.4,0
12889.0,156.0,6,365.66,1
12891.0,5.0,9,488.5,1
12892.0,123.0,1,263.38,1
12896.0,456.0,1,-29.75,0
12898.0,306.0,2,310.96000000000004,0
12903.0,155.0,1,833.53,1
12905.0,7.0,3,1011.82,1
12907.0,92.0,3,440.36,1
12909.0,32.0,5,905.94,1
12910.0,217.0,6,2671.98,0
12911.0,189.0,1,1680.47,1
12913.0,41.0,9,4217.2300000000005,1
12914.0,245.0,1,223.98,0
12915.0,160.0,7,721.2,1
12916.0,38.0,3,1647.87,1
12917.0,68.0,7,3735.5,1
12921.0,64.0,55,18249.71,3
12924.0,1.0,9,1493.2,1
12926.0,312.0,4,1548.46,0
12927.0,62.0,1,197.31,1
12928.0,128.0,7,2242.19,1
12931.0,1.0,51,37836.86,3
12932.0,71.0,8,1698.56,1
12933.0,245.0,7,1021.0,0
12934.0,640.0,1,181.65,0
12935.0,37.0,11,2025.56,1
12937.0,4.0,5,1593.34,1
12939.0,11.0,12,13683.0,1
12942.0,91.0,1,258.75,1
12943.0,30.0,3,492.75,1
12947.0,334.0,1,304.04,0
12948.0,456.0,2,252.48000000000002,0
12949.0,224.0,18,11247.98,1
12951.0,68.0,12,2122.35,1
12953.0,219.0,1,498.96000000000004,0
12954.0,39.0,1,162.45,1
12957.0,39.0,9,4649.38,1
12958.0,221.0,2,539.49,0
12959.0,3.0,2,133.35,1
12960.0,37.0,4,1322.07,1
12963.0,91.0,6,1671.76,1
12967.0,275.0,2,2646.02,0
12970.0,609.0,6,1072.73,0
12971.0,1.0,34,4552.4800000000005,1
12972.0,190.0,6,1115.95,1
12975.0,127.0,8,1993.99,1
12976.0,10.0,7,2417.7799999999997,1
12978.0,164.0,6,2496.07,1
12979.0,426.0,2,479.53999999999996,0
12980.0,5.0,14,8817.33,1
12982.0,8.0,15,2184.92,1
12986.0,131.0,12,1991.5900000000001,1
12987.0,129.0,3,753.51,1
12989.0,32.0,20,5992.29,1
12993.0,1.0,6,776.5,1
12997.0,8.0,9,867.1700000000001,1
12998.0,129.0,4,897.38,1
13001.0,37.0,22,14338.130000000001,1
13002.0,336.0,2,293.18,0
13004.0,37.0,24,5530.56,1
13005.0,124.0,3,466.08,1
13007.0,98.0,1,175.25,1
13008.0,100.0,5,364.81,1
13009.0,224.0,1,234.0,0
13010.0,343.0,2,330.12,0
13011.0,302.0,1,50.550000000000004,0
13012.0,185.0,4,1279.56,1
13013.0,2.0,18,7814.83,1
13014.0,124.0,2,1855.4,1
13015.0,154.0,9,3119.44,1
13018.0,276.0,8,2470.06,0
13019.0,8.0,8,1212.95,1
13020.0,97.0,5,606.96,1
13021.0,2.0,13,2201.98,1
13022.0,185.0,1,65.3,1
13024.0,190.0,3,535.42,1
13025.0,487.0,1,323.39,0
13026.0,126.0,5,753.97,1
13027.0,10.0,17,10236.0,1
13029.0,249.0,2,679.8,0
13030.0,183.0,1,427.74,1
13031.0,218.0,5,3419.27,0
13032.0,1.0,8,1821.07,1
13033.0,185.0,1,30.0,1
13034.0,214.0,2,279.91,0
13035.0,246.0,1,442.32,0
13037.0,215.0,13,2961.48,1
13039.0,251.0,4,1010.73,0
13041.0,219.0,4,799.13,0
13042.0,251.0,4,1522.79,0
13044.0,5.0,12,4263.7300000000005,1
13045.0,65.0,2,503.64,1
13046.0,94.0,1,319.94,1
13047.0,8.0,27,5387.62,1
13049.0,30.0,3,727.46,1
13050.0,36.0,30,6137.83,1
13051.0,68.0,2,155.8,1
13052.0,7.0,6,2820.38,1
13055.0,185.0,2,1090.55,1
13056.0,189.0,1,209.48,1
13059.0,4.0,11,2089.22,1
13064.0,159.0,2,561.25,1
13065.0,1.0,6,1050.1000000000001,1
13069.0,4.0,17,5029.650000000001,1
13070.0,186.0,4,515.1,1
13071.0,191.0,1,129.22,1
13074.0,342.0,5,1362.8400000000001,0
13076.0,125.0,1,135.4,1
13077.0,122.0,11,2310.9,1
13078.0,2.0,53,16451.55,3
13080.0,99.0,4,202.75,1
13081.0,70.0,25,30363.670000000002,3
13082.0,32.0,15,3673.44,1
13083.0,63.0,1,91.67999999999999,1
13084.0,95.0,2,116.44999999999999,1
13085.0,640.0,7,1187.08,0
13089.0,4.0,132,55828.31,3
13090.0,1.0,15,5081.89,1
13091.0,426.0,4,-450.03999999999996,0
13092.0,67.0,9,1547.5,1
13093.0,30.0,76,46332.26,3
13094.0,183.0,2,505.8,1
13096.0,62.0,1,419.70000000000005,1
13097.0,34.0,26,6968.41,1
13102.0,91.0,16,5103.83,1
13103.0,37.0,2,465.70000000000005,1
13107.0,32.0,10,3585.55,1
13108.0,303.0,2,748.46,0
13109.0,128.0,2,340.74,1
13110.0,340.0,6,1443.3000000000002,0
13112.0,486.0,3,-5.44,0
13113.0,32.0,22,6090.25,1
13114.0,456.0,1,234.38,0
13115.0,122.0,10,3168.82,1
13117.0,7.0,13,1657.2,1
13118.0,215.0,5,1209.1,0
13119.0,101.0,1,134.9,1
13125.0,249.0,1,158.57,0
13126.0,122.0,11,1846.18,1
13131.0,101.0,4,2240.47,1
13133.0,186.0,1,90.65,1
13134.0,304.0,2,681.65,0
13135.0,217.0,1,275.45,0
13136.0,68.0,14,3532.42,1
13137.0,63.0,8,4062.29,1
13138.0,62.0,3,492.1,1
13140.0,122.0,3,791.96,1
13141.0,7.0,15,5150.83,1
13143.0,190.0,2,399.2,1
13144.0,246.0,1,24.4,0
13145.0,35.0,4,805.0,1
13148.0,3.0,19,4775.12,1
13150.0,4.0,4,435.02,1
13152.0,219.0,9,2114.98,0
13154.0,215.0,4,1609.29,0
13155.0,183.0,3,778.42,1
13156.0,101.0,3,1586.54,1
13157.0,131.0,5,3946.14,1
13162.0,9.0,14,7471.95,1
13163.0,130.0,2,0.0,1
13164.0,71.0,3,297.46000000000004,1
13172.0,245.0,1,69.6,0
13173.0,153.0,12,2266.85,1
13174.0,1.0,10,6677.81,1
13175.0,190.0,4,793.1,1
13177.0,216.0,1,229.75,0
13178.0,41.0,14,8272.42,1
13180.0,38.0,1,86.10000000000001,1
13183.0,62.0,9,3053.1,1
13190.0,518.0,4,518.76,0
13192.0,96.0,6,1632.59,1
13196.0,8.0,4,1261.86,1
13197.0,99.0,1,373.01000000000005,1
13198.0,215.0,4,1528.19,0
13199.0,31.0,31,6601.02,1
13201.0,127.0,4,1240.6100000000001,1
13202.0,62.0,8,1571.35,1
13203.0,336.0,7,1761.09,0
13204.0,487.0,1,966.6600000000001,0
13206.0,37.0,15,8280.13,1
13207.0,191.0,2,285.6,1
13208.0,640.0,3,764.6,0
13209.0,160.0,5,2617.9,1
13211.0,98.0,9,1509.45,1
13213.0,30.0,8,2316.19,1
13214.0,4.0,7,3264.23,1
13215.0,303.0,1,81.6,0
13222.0,37.0,1,88.5,1
13223.0,2.0,4,805.9200000000001,1
13225.0,8.0,9,9796.23,1
13226.0,31.0,1,204.25,1
13230.0,3.0,17,3553.81,1
13231.0,36.0,1,-355.2,1
13234.0,224.0,2,356.95,0
13238.0,216.0,2,305.9,0
13239.0,218.0,5,1250.28,0
13240.0,91.0,6,997.52,1
13242.0,101.0,4,429.0,1
13245.0,277.0,1,558.72,0
13246.0,31.0,7,1355.58,1
13249.0,126.0,6,897.52,1
13250.0,217.0,3,248.54000000000002,0
13251.0,304.0,1,252.68,0
13252.0,62.0,3,341.3,1
13253.0,216.0,2,1920.71,0
13255.0,334.0,2,504.95,0
13257.0,124.0,3,117.95,1
13258.0,245.0,2,336.59999999999997,0
13259.0,38.0,8,1141.06,1
13263.0,31.0,4,1250.6200000000001,1
13266.0,92.0,11,2247.63,1
13267.0,31.0,25,5107.77,1
13269.0,214.0,14,3545.47,1
13270.0,122.0,1,590.0,1
13276.0,154.0,5,1327.63,1
13278.0,130.0,4,885.47,1
13280.0,155.0,5,1482.27,1
13283.0,100.0,2,279.7,1
13287.0,221.0,7,519.67,0
13288.0,40.0,6,892.16,1
13290.0,216.0,3,-208.63,0
13291.0,3.0,10,2959.73,1
13292.0,307.0,4,408.85,0
13293.0,1.0,7,1180.34,1
13294.0,284.0,1,815.79,0
13295.0,7.0,8,860.07,1
13296.0,2.0,5,705.11,1
13299.0,2.0,4,1030.8,1
13300.0,128.0,3,901.9200000000001,1
13302.0,339.0,1,95.45,0
13303.0,245.0,1,61.72,0
13304.0,36.0,6,820.37,1
13305.0,31.0,7,1753.85,1
13306.0,216.0,1,53.65,0
13307.0,95.0,2,258.34,1
13309.0,1.0,1,249.58,1
13310.0,303.0,2,409.17,0
13313.0,65.0,10,1867.95,1
13316.0,1.0,7,7091.4400000000005,1
13317.0,97.0,22,3928.4610000000002,1
13319.0,3.0,45,11041.75,3
13320.0,154.0,3,669.25,1
13324.0,4.0,11,3348.57,1
13326.0,277.0,1,281.76,0
13327.0,91.0,15,6123.46,1
13329.0,30.0,11,4236.62,1
13330.0,64.0,3,1665.25,1
13331.0,276.0,1,262.4,0
13333.0,125.0,3,1015.74,1
13337.0,36.0,2,1548.55,1
13338.0,67.0,7,1791.8,1
13342.0,190.0,1,-14.100000000000001,1
13346.0,278.0,6,299.4,0
13357.0,307.0,4,3228.41,0
13359.0,30.0,2,570.7,1
13360.0,133.0,7,1464.1,1
13361.0,342.0,2,1450.5,0
13362.0,63.0,5,2272.08,1
13365.0,30.0,1,-26.9,1
13367.0,246.0,1,510.20000000000005,0
13368.0,2.0,3,462.7,1
13369.0,91.0,1,308.28000000000003,1
13370.0,122.0,2,721.32,1
13373.0,548.0,3,4274.94,0
13377.0,70.0,4,1495.43,1
13380.0,277.0,1,62.4,0
13381.0,280.0,8,4558.21,0
13382.0,155.0,4,1164.59,1
13384.0,125.0,6,2512.81,1
13393.0,221.0,6,1105.85,0
13394.0,30.0,14,4011.08,1
13395.0,245.0,2,872.51,0
13397.0,37.0,7,1554.93,1
13399.0,126.0,3,275.4,1
13400.0,190.0,2,300.93,1
13402.0,302.0,3,913.9000000000001,0
13406.0,124.0,3,557.22,1
13407.0,68.0,6,2111.89,1
13408.0,8.0,57,23365.442,3
13410.0,31.0,5,1183.6,1
13413.0,70.0,8,345.8,1
13414.0,306.0,4,1091.74,0
13415.0,395.0,5,681.92,0
13416.0,640.0,1,228.3,0
13417.0,67.0,5,953.0600000000001,1
13418.0,8.0,16,6070.72,1
13421.0,64.0,8,2239.84,1
13423.0,155.0,1,217.03,1
13425.0,98.0,5,1751.72,1
13426.0,68.0,12,4526.06,1
13431.0,312.0,7,2020.14,0
13432.0,191.0,2,439.1,1
13433.0,11.0,5,656.87,1
13434.0,217.0,3,1132.6200000000001,0
13438.0,66.0,1,46.5,1
13439.0,339.0,2,702.9,0
13440.0,1.0,10,1213.95,1
13441.0,246.0,1,424.26,0
13442.0,71.0,3,419.87,1
13443.0,8.0,7,1247.71,1
13446.0,34.0,18,3608.86,1
13448.0,215.0,11,4982.08,1
13450.0,37.0,8,2073.82,1
13453.0,30.0,3,402.01,1
13454.0,131.0,1,219.87,1
13455.0,1.0,8,1766.47,1
13457.0,640.0,4,143.27,0
13461.0,245.0,5,2693.5,0
13462.0,9.0,4,1002.35,1
13464.0,62.0,6,2409.21,1
13465.0,310.0,2,931.12,0
13466.0,123.0,5,654.3,1
13468.0,2.0,49,7434.86,3
13472.0,306.0,2,592.24,0
13473.0,8.0,7,1993.44,1
13474.0,338.0,2,434.2,0
13476.0,65.0,3,823.0,1
13477.0,64.0,5,1379.59,1
13478.0,285.0,7,2068.03,0
13481.0,183.0,7,2022.03,1
13484.0,70.0,3,453.52,1
13485.0,2.0,14,2503.68,1
13487.0,579.0,2,271.47,0
13488.0,95.0,13,6603.12,1
13491.0,98.0,18,3350.7400000000002,1
13495.0,32.0,9,3256.49,1
13497.0,131.0,6,945.28,1
13498.0,456.0,1,327.38,0
13500.0,276.0,1,299.53,0
13501.0,65.0,3,1529.79,1
13502.0,97.0,3,482.6,1
13503.0,97.0,11,1576.69,1
13506.0,91.0,6,1156.83,1
13508.0,162.0,1,176.07999999999998,1
13510.0,344.0,12,2703.23,0
13511.0,344.0,2,244.61,0
13512.0,221.0,3,462.18,0
13513.0,312.0,3,591.89,0
13514.0,98.0,3,663.7,1
13515.0,223.0,2,374.7,0
13520.0,38.0,8,3192.9,1
13523.0,122.0,2,1136.64,1
13526.0,699.0,4,942.5999999999999,0
13531.0,122.0,5,1254.72,1
13534.0,158.0,17,1711.42,1
13535.0,304.0,1,89.5,0
13537.0,63.0,2,717.85,1
13538.0,123.0,5,1831.88,1
13539.0,160.0,5,925.42,1
13541.0,2.0,3,717.9,1
13542.0,63.0,18,3970.77,1
13544.0,223.0,5,529.09,0
13545.0,699.0,3,347.35,0
13546.0,31.0,2,465.15,1
13551.0,40.0,1,152.39999999999998,1
13552.0,99.0,16,3079.1,1
13553.0,285.0,1,517.8,0
13554.0,185.0,10,1556.3899999999999,1
13556.0,185.0,2,200.82,1
13557.0,62.0,14,2396.02,1
13561.0,154.0,10,1678.86,1
13562.0,276.0,5,3038.85,0
13564.0,8.0,50,15138.98,3
13566.0,70.0,3,833.41,1
13567.0,155.0,5,1078.59,1
13569.0,153.0,3,520.03,1
13571.0,97.0,14,2454.2200000000003,1
13573.0,9.0,4,622.07,1
13576.0,1.0,13,4812.85,1
13579.0,64.0,5,1068.8,1
13582.0,342.0,2,241.68,0
13584.0,313.0,4,204.75,0
13585.0,68.0,4,674.46,1
13589.0,98.0,4,741.09,1
13590.0,2.0,14,4322.17,1
13591.0,221.0,5,964.0600000000001,0
13593.0,158.0,10,3484.93,1
13594.0,34.0,2,111.45000000000002,1
13595.0,35.0,3,818.22,1
13597.0,245.0,3,372.21,0
13598.0,98.0,4,609.42,1
13599.0,39.0,21,4759.74,1
13601.0,1.0,2,491.82,1
13607.0,1.0,2,382.6,1
13610.0,225.0,8,1028.7,0
13611.0,130.0,10,2122.83,1
13612.0,96.0,2,777.79,1
13614.0,31.0,2,748.73,1
13615.0,4.0,10,5812.24,1
13617.0,217.0,6,719.62,0
13619.0,285.0,2,231.69,0
13622.0,11.0,2,651.45,1
13623.0,155.0,8,1773.92,1
13627.0,39.0,3,593.53,1
13628.0,344.0,1,310.14,0
13629.0,39.0,8,5578.5,1
13632.0,7.0,4,1517.68,1
13634.0,3.0,12,2944.39,1
13635.0,699.0,5,1877.19,0
13640.0,161.0,1,405.0,1
13641.0,100.0,7,921.82,1
13642.0,277.0,4,147.17,0
13643.0,34.0,12,1592.73,1
13646.0,215.0,3,323.3,0
13647.0,307.0,4,1393.56,0
13648.0,163.0,11,1679.01,1
13649.0,122.0,5,1332.28,1
13650.0,97.0,9,1289.16,1
13652.0,155.0,3,1475.77,1
13653.0,95.0,1,152.2,1
13654.0,284.0,5,3600.67,0
13656.0,156.0,5,673.7,1
13658.0,67.0,6,3350.6,1
13659.0,4.0,14,3165.78,1
13660.0,92.0,2,303.69,1
13662.0,100.0,10,1304.05,1
13663.0,284.0,5,1824.14,0
13666.0,609.0,2,43.25,0
13668.0,4.0,18,6533.07,1
13671.0,62.0,1,194.95,1
13672.0,456.0,1,233.53000000000003,0
13674.0,185.0,2,215.88,1
13677.0,157.0,2,556.1899999999999,1
13679.0,279.0,3,281.26,0
13680.0,284.0,8,7713.25,0
13683.0,125.0,1,258.6,1
13686.0,276.0,2,337.04,0
13691.0,122.0,1,212.78,1
13692.0,245.0,3,1549.58,0
13693.0,1.0,11,1980.32,1
13694.0,4.0,105,128172.42,2
13695.0,37.0,1,266.6,1
13696.0,40.0,4,2008.7,1
13699.0,66.0,2,402.82,1
13700.0,101.0,4,321.09,1
13705.0,334.0,5,1323.47,0
13707.0,185.0,3,2559.45,1
13709.0,41.0,5,1263.7,1
13710.0,2.0,2,329.04,1
13711.0,68.0,13,1380.55,1
13712.0,130.0,1,537.58,1
13713.0,221.0,3,743.26,0
13715.0,39.0,14,7384.400000000001,1
13717.0,34.0,4,315.79,1
13719.0,31.0,6,1773.57,1
13721.0,91.0,1,217.39999999999998,1
13722.0,284.0,7,3260.0,0
13723.0,1.0,5,1009.35,1
13724.0,9.0,1,213.01,1
13727.0,161.0,7,733.82,1
13728.0,125.0,10,1839.03,1
13733.0,486.0,3,484.53000000000003,0
13734.0,96.0,6,3451.2900000000004,1
13735.0,62.0,14,6706.63,1
13736.0,63.0,9,1991.01,1
13738.0,123.0,1,440.93,1
13740.0,7.0,4,1247.02,1
13745.0,35.0,2,469.73,1
13747.0,32.0,2,169.79999999999998,1
13748.0,276.0,5,1320.1,0
13749.0,164.0,1,-10.25,1
13750.0,62.0,8,1916.3400000000001,1
13753.0,640.0,3,1353.31,0
13756.0,7.0,11,4002.0800000000004,1
13757.0,285.0,1,195.55,0
13758.0,32.0,14,6072.59,1
13760.0,221.0,4,1071.85,0
13762.0,72.0,4,2165.76,1
13764.0,162.0,3,1431.5,1
13766.0,338.0,1,190.35,0
13767.0,36.0,48,18169.97,3
13768.0,164.0,8,758.07,1
13769.0,153.0,14,2994.76,1
13770.0,253.0,4,785.37,0
13771.0,128.0,5,3094.37,1
13772.0,91.0,6,1962.59,1
13773.0,123.0,2,301.54,1
13776.0,155.0,8,-340.17,1
13777.0,2.0,42,30268.22,3
13778.0,218.0,4,937.84,0
13779.0,5.0,1,161.13,1
13782.0,3.0,8,873.77,1
13783.0,70.0,4,1542.09,1
13784.0,336.0,4,434.39,0
13785.0,155.0,4,542.49,1
13786.0,38.0,8,2506.01,1
13787.0,93.0,7,864.66,1
13793.0,284.0,1,96.0,0
13794.0,36.0,1,126.03,1
13795.0,9.0,4,836.3,1
13797.0,284.0,4,1168.45,0
13798.0,31.0,63,37222.05,3
13799.0,38.0,11,1350.96,1
13800.0,216.0,2,1121.24,0
13802.0,5.0,18,21585.29,1
13803.0,191.0,3,1042.04,1
13807.0,153.0,4,397.3,1
13809.0,62.0,2,524.65,1
13813.0,71.0,7,1333.01,1
13815.0,10.0,5,3270.88,1
13818.0,185.0,1,61.28,1
13819.0,132.0,4,1490.75,1
13820.0,284.0,5,640.4,0
13821.0,1.0,5,1001.39,1
13823.0,39.0,6,2400.89,1
13824.0,9.0,9,1574.42,1
13825.0,456.0,2,255.59,0
13830.0,160.0,2,135.95000000000002,1
13831.0,131.0,15,4806.19,1
13834.0,7.0,3,247.89,1
13835.0,127.0,4,210.25,1
13836.0,215.0,3,602.52,0
13838.0,63.0,7,1274.3600000000001,1
13839.0,65.0,1,139.95000000000002,1
13842.0,67.0,11,2219.34,1
13846.0,215.0,1,442.73,0
13848.0,36.0,6,2080.0,1
13849.0,2.0,4,1905.85,1
13851.0,92.0,6,1865.3000000000002,1
13852.0,8.0,2,170.45000000000002,1
13854.0,38.0,17,4133.19,1
13855.0,164.0,5,1253.94,1
13856.0,97.0,10,695.48,1
13857.0,31.0,7,997.11,1
13861.0,185.0,3,251.31,1
13869.0,338.0,6,5006.62,0
13870.0,132.0,8,2938.59,1
13871.0,32.0,7,1415.15,1
13872.0,486.0,6,891.32,0
13873.0,32.0,5,649.32,1
13874.0,100.0,9,1448.75,1
13875.0,93.0,9,3027.58,1
13877.0,127.0,4,329.09,1
13878.0,67.0,3,1191.53,1
13879.0,253.0,1,395.5,0
13880.0,65.0,5,1171.89,1
13881.0,1.0,29,27402.98,3
13883.0,215.0,17,3803.99,1
13884.0,154.0,8,1071.08,1
13888.0,307.0,5,1563.42,0
13890.0,68.0,8,997.87,1
13891.0,190.0,3,863.5600000000001,1
13895.0,5.0,3,1335.5,1
13901.0,4.0,15,2732.14,1
13902.0,486.0,8,30411.26,0
13903.0,244.0,1,165.45000000000002,0
13905.0,164.0,3,244.45,1
13909.0,1.0,2,286.6,1
13911.0,131.0,13,1619.1299999999999,1
13912.0,2.0,1,124.95,1
13915.0,62.0,2,31.200000000000003,1
13916.0,306.0,5,1260.51,0
13919.0,32.0,2,975.87,1
13920.0,187.0,5,1734.88,1
13921.0,2.0,5,720.75,1
13922.0,215.0,4,652.45,0
13929.0,187.0,11,2515.25,1
13931.0,1.0,9,4019.85,1
13937.0,123.0,2,708.53,1
13939.0,155.0,6,976.91,1
13941.0,62.0,12,5933.74,1
13943.0,37.0,1,246.54,1
13945.0,62.0,2,854.15,1
13946.0,609.0,4,1183.8600000000001,0
13948.0,253.0,4,434.86,0
13952.0,98.0,14,9544.8,1
13953.0,187.0,5,3125.0,1
13958.0,162.0,12,4504.78,1
13959.0,32.0,3,477.98,1
13961.0,1.0,2,498.7,1
13963.0,153.0,15,2235.08,1
13964.0,155.0,3,421.9,1
13965.0,64.0,5,777.6600000000001,1
13967.0,123.0,1,85.6,1
13968.0,2.0,1,123.66,1
13969.0,3.0,20,4226.08,1
13971.0,2.0,7,1891.6100000000001,1
13974.0,37.0,3,249.93,1
13975.0,31.0,7,2824.06,1
13976.0,101.0,3,834.38,1
13979.0,7.0,10,2456.96,1
13980.0,6.0,8,552.98,1
13981.0,245.0,2,327.39,0
13982.0,91.0,9,2557.68,1
13983.0,97.0,18,4402.95,1
13984.0,122.0,8,1128.09,1
13985.0,101.0,8,2957.78,1
13987.0,245.0,2,682.54,0
13989.0,95.0,3,759.98,1
13992.0,305.0,2,142.7,0
13993.0,101.0,12,3280.7000000000003,1
13995.0,36.0,12,2452.77,1
13996.0,215.0,2,895.76,0
13997.0,126.0,3,382.31,1
13998.0,7.0,3,566.7,1
13999.0,64.0,21,5572.75,1
14000.0,668.0,6,1243.88,0
14001.0,215.0,7,2487.01,0
14003.0,518.0,1,209.41,0
14004.0,31.0,4,1675.81,1
14008.0,277.0,2,493.74,0
14009.0,278.0,1,404.3,0
14011.0,38.0,3,451.91999999999996,1
14013.0,517.0,3,533.2,0
14014.0,7.0,2,1443.03,1
14016.0,123.0,8,7051.25,1
14018.0,253.0,1,367.15000000000003,0
14022.0,65.0,1,352.15000000000003,1
14025.0,7.0,10,3969.1,1
14028.0,159.0,5,3175.5,1
14030.0,61.0,16,5785.5,1
14031.0,8.0,35,23391.33,3
14032.0,122.0,8,1856.23,1
14033.0,309.0,1,109.44,0
14035.0,1.0,6,1424.45,1
14037.0,223.0,5,608.75,0
14038.0,154.0,4,1446.45,1
14040.0,3.0,27,8915.65,1
14043.0,217.0,3,301.3,0
14044.0,65.0,7,2453.33,1
14045.0,133.0,16,8000.88,1
14047.0,91.0,14,2868.7200000000003,1
14049.0,218.0,12,7424.88,1
14051.0,31.0,17,6627.16,1
14053.0,65.0,2,312.05,1
14055.0,37.0,2,795.3199999999999,1
14057.0,640.0,5,2190.88,0
14058.0,278.0,2,469.19,0
14060.0,39.0,14,3367.76,1
14061.0,698.0,3,917.4300000000001,0
14062.0,7.0,15,14969.98,1
14063.0,133.0,13,-3767.1999999999994,1
14064.0,94.0,14,1851.43,1
14065.0,246.0,4,889.37,0
14072.0,40.0,1,390.85,1
14075.0,335.0,3,792.61,0
14077.0,92.0,1,115.66,1
14078.0,334.0,4,643.26,0
14080.0,456.0,5,1030.13,0
14081.0,11.0,13,4345.38,1
14082.0,1.0,1,231.10999999999999,1
14083.0,275.0,3,388.83,0
14085.0,183.0,16,5656.43,1
14086.0,278.0,1,39.95,0
14087.0,609.0,3,621.8,0
14088.0,31.0,6,11984.53,1
14091.0,72.0,2,9530.08,1
14092.0,303.0,11,3146.64,0
14097.0,253.0,2,422.85999999999996,0
14099.0,97.0,10,2607.54,1
14101.0,8.0,8,3965.34,1
14103.0,10.0,1,0.0,1
14104.0,97.0,3,555.37,1
14105.0,62.0,7,4443.65,1
14106.0,668.0,1,214.79999999999998,0
14107.0,98.0,5,2165.2200000000003,1
14108.0,487.0,2,447.05,0
14110.0,66.0,22,7287.95,1
14112.0,93.0,15,2750.34,1
14113.0,32.0,23,4778.83,1
14114.0,8.0,5,977.5600000000001,1
14115.0,40.0,2,622.6700000000001,1
14118.0,155.0,1,458.45,1
14120.0,215.0,1,-23.8,0
14122.0,62.0,5,309.77,1
14123.0,548.0,1,436.18,0
14127.0,63.0,3,1190.3700000000001,1
14128.0,189.0,2,271.86,1
14129.0,64.0,4,1467.48,1
14130.0,395.0,3,1398.81,0
14131.0,343.0,1,187.87,0
14133.0,548.0,1,305.5,0
14134.0,128.0,15,11123.35,1
14135.0,2.0,12,4914.74,1
14136.0,223.0,7,1553.96,0
14139.0,187.0,3,670.98,1
14142.0,34.0,4,655.94,1
14144.0,65.0,1,30.599999999999998,1
14145.0,130.0,3,3857.85,1
14146.0,285.0,7,5259.3,0
14147.0,68.0,9,1550.9,1
14151.0,254.0,3,666.7,0
14152.0,94.0,6,1364.35,1
14154.0,2.0,8,4917.98,1
14156.0,3.0,138,183180.55,2
14157.0,284.0,3,569.9,0
14159.0,5.0,11,2893.58,1
14160.0,72.0,7,8421.47,1
14161.0,126.0,5,2208.36,1
14163.0,277.0,1,148.71,0
14167.0,159.0,4,721.65,1
14168.0,67.0,3,305.9,1
14169.0,216.0,2,624.4300000000001,0
14170.0,92.0,3,597.33,1
14171.0,456.0,1,135.0,0
14172.0,39.0,4,389.97,1
14173.0,131.0,3,116.11,1
14175.0,158.0,10,4242.38,1
14176.0,153.0,2,339.11,1
14177.0,62.0,9,1669.93,1
14180.0,36.0,12,1469.98,1
14182.0,68.0,5,660.07,1
14186.0,124.0,5,1550.63,1
14189.0,183.0,2,1160.31,1
14190.0,40.0,1,79.9,1
14191.0,62.0,3,53.4,1
14193.0,123.0,1,356.8,1
14194.0,1.0,22,7226.12,1
14195.0,160.0,7,1418.54,1
14198.0,225.0,6,864.08,0
14199.0,2.0,5,731.0999999999999,1
14200.0,342.0,1,379.2,0
14202.0,340.0,3,847.76,0
14203.0,154.0,1,339.34,1
14204.0,668.0,3,901.9300000000001,0
14205.0,62.0,9,1689.6,1
14206.0,304.0,3,836.9499999999999,0
14208.0,189.0,1,415.31,1
14209.0,38.0,12,2870.2400000000002,1
14210.0,128.0,15,3913.4300000000003,1
14211.0,128.0,13,2093.39,1
14213.0,275.0,2,-1.4210854715202004e-14,0
14215.0,183.0,4,1626.61,1
14217.0,91.0,11,1281.51,1
14219.0,279.0,2,543.89,0
14221.0,98.0,9,3078.7400000000002,1
14224.0,4.0,5,847.78,1
14225.0,11.0,5,2015.12,1
14227.0,132.0,7,3011.6,1
14228.0,36.0,3,745.5,1
14229.0,124.0,6,1018.39,1
14230.0,97.0,3,979.8000000000001,1
14233.0,223.0,5,1319.45,0
14236.0,123.0,6,1241.88,1
14237.0,334.0,3,466.04,0
14238.0,579.0,2,287.38,0
14239.0,11.0,11,1880.22,1
14240.0,2.0,1,357.15,1
14241.0,11.0,1,120.0,1
14243.0,2.0,10,4829.4800000000005,1
14247.0,159.0,5,632.9399999999999,1
14248.0,5.0,2,730.37,1
14249.0,189.0,12,5625.461,1
14253.0,279.0,2,363.40000000000003,0
14254.0,277.0,1,601.03,0
14255.0,36.0,4,-1441.6,1
14256.0,218.0,6,1462.28,0
14257.0,343.0,4,2854.73,0
14258.0,68.0,22,18377.27,1
14260.0,97.0,3,824.28,1
14263.0,2.0,1,322.93,1
14264.0,3.0,6,1141.89,1
14265.0,191.0,2,843.17,1
14266.0,155.0,1,40.56,1
14267.0,164.0,2,-19.9,1
14272.0,190.0,2,482.85,1
14275.0,38.0,6,1189.3799999999999,1
14276.0,4.0,8,909.93,1
14277.0,68.0,10,367.4699999999999,1
14279.0,158.0,2,191.86,1
14282.0,125.0,12,4115.32,1
14283.0,306.0,4,628.4399999999999,0
14285.0,487.0,5,1248.63,0
14286.0,70.0,7,3800.89,1
14290.0,131.0,8,1901.48,1
14291.0,456.0,13,3971.1,0
14292.0,215.0,13,4068.57,1
14293.0,183.0,7,2127.77,1
14295.0,5.0,6,2161.36,1
14298.0,36.0,39,39626.87,3
14299.0,1.0,25,9972.42,1
14301.0,40.0,5,1324.19,1
14302.0,216.0,3,742.9000000000001,0
14303.0,336.0,2,277.94,0
14307.0,253.0,6,2067.36,0
14308.0,128.0,5,-849.45,1
14309.0,159.0,2,1428.28,1
14310.0,277.0,1,492.1,0
14312.0,276.0,5,1478.7,0
14314.0,216.0,2,101.9,0
14316.0,66.0,6,1355.34,1
14318.0,217.0,1,158.02,0
14319.0,32.0,2,476.95000000000005,1
14320.0,36.0,4,861.01,1
14321.0,155.0,3,667.83,1
14322.0,9.0,6,384.3,1
14326.0,306.0,2,757.13,0
14327.0,133.0,5,1583.28,1
14328.0,94.0,3,-445.06,1
14329.0,67.0,14,4806.78,1
14334.0,63.0,5,1753.52,1
14337.0,487.0,1,-658.63,0
14339.0,155.0,1,310.75,1
14341.0,699.0,11,2277.09,0
14342.0,277.0,3,235.03,0
14344.0,4.0,14,2443.77,1
14346.0,63.0,3,1294.17,1
14347.0,640.0,1,82.6,0
14350.0,216.0,2,689.1,0
14353.0,246.0,2,285.9,0
14355.0,91.0,3,840.0500000000001,1
14358.0,154.0,3,384.29999999999995,1
14361.0,68.0,1,214.70999999999998,1
14363.0,304.0,2,227.47000000000003,0
14365.0,62.0,2,634.68,1
14366.0,307.0,1,136.0,0
14369.0,162.0,2,469.13,1
14370.0,4.0,9,1092.13,1
14379.0,31.0,2,920.81,1
14388.0,97.0,12,3417.26,1
14389.0,32.0,6,821.35,1
14390.0,62.0,7,1730.8600000000001,1
14391.0,7.0,1,135.6,1
14392.0,277.0,1,266.4,0
14395.0,37.0,13,4688.9,1
14396.0,275.0,6,1633.94,0
14398.0,276.0,2,707.79,0
14399.0,62.0,9,2098.16,1
14400.0,245.0,3,1143.3,0
14401.0,32.0,11,2663.42,1
14403.0,9.0,4,396.45,1
14404.0,38.0,9,1365.39,1
14408.0,518.0,4,1503.2400000000002,0
14409.0,34.0,6,1545.44,1
14412.0,32.0,1,656.16,1
14415.0,10.0,14,6103.57,1
14420.0,123.0,5,1241.85,1
14421.0,159.0,5,1643.51,1
14422.0,39.0,15,5937.28,1
14423.0,32.0,3,649.76,1
14425.0,124.0,5,635.89,1
14426.0,30.0,11,7185.07,1
14427.0,307.0,2,900.1800000000001,0
14429.0,335.0,1,516.28,0
14430.0,38.0,5,956.4000000000001,1
14431.0,64.0,3,2143.84,1
14436.0,250.0,1,182.64000000000001,0
14437.0,4.0,6,873.34,1
14440.0,31.0,11,4169.15,1
14441.0,91.0,10,2816.45,1
14442.0,186.0,7,3727.4,1
14443.0,183.0,4,950.7,1
14444.0,93.0,1,132.04,1
14445.0,64.0,1,221.65,1
14447.0,245.0,1,548.5,0
14449.0,303.0,5,1575.7,0
14450.0,1.0,4,645.19,1
14451.0,40.0,16,2603.0,1
14452.0,92.0,2,401.15,1
14454.0,163.0,6,970.7,1
14455.0,94.0,5,594.86,1
14460.0,101.0,8,536.26,1
14461.0,4.0,11,4594.54,1
14462.0,277.0,1,265.99,0
14465.0,155.0,8,2887.4100000000003,1
14466.0,32.0,7,2374.5,1
14467.0,92.0,8,1622.23,1
14468.0,548.0,1,204.24,0
14469.0,306.0,4,2112.21,0
14470.0,216.0,1,250.85,0
14471.0,518.0,2,400.95,0
14474.0,98.0,1,730.42,1
14477.0,255.0,5,652.8,0
14478.0,65.0,4,1276.66,1
14479.0,91.0,3,982.86,1
14480.0,164.0,4,1016.22,1
14481.0,191.0,4,1298.81,1
14482.0,92.0,8,2124.1,1
14483.0,640.0,1,120.0,0
14484.0,9.0,3,749.0600000000001,1
14486.0,250.0,2,175.5,0
14487.0,183.0,3,244.53,1
14489.0,191.0,3,1111.55,1
14490.0,155.0,2,1273.47,1
14491.0,303.0,1,127.2,0
14492.0,8.0,10,1574.3600000000001,1
14493.0,131.0,7,2673.21,1
14494.0,276.0,2,261.9,0
14495.0,312.0,2,42.5,0
14496.0,92.0,9,2107.07,1
14497.0,254.0,1,221.69,0
14498.0,95.0,5,1953.95,1
14505.0,456.0,16,5900.1,0
14506.0,214.0,3,1278.5,0
14507.0,425.0,7,1804.31,0
14512.0,68.0,5,948.19,1
14514.0,159.0,7,3539.38,1
14515.0,91.0,9,1616.81,1
14516.0,35.0,1,163.92,1
14519.0,395.0,2,206.09,0
14521.0,218.0,2,167.65,0
14525.0,3.0,8,3908.44,1
14527.0,1.0,108,18063.16,3
14530.0,37.0,13,3151.2400000000002,1
14532.0,72.0,8,2913.58,1
14533.0,68.0,6,1372.5,1
14534.0,2.0,13,1711.07,1
14535.0,92.0,7,3031.54,1
14537.0,8.0,2,279.89,1
14540.0,216.0,9,2789.18,1
14541.0,164.0,6,1038.03,1
14543.0,97.0,29,9277.84,1
14545.0,285.0,1,349.25,0
14546.0,163.0,11,2514.01,1
14548.0,4.0,7,1974.69,1
14549.0,668.0,3,627.3100000000001,0
14558.0,487.0,5,614.1,0
14560.0,31.0,22,3876.2599999999998,1
14562.0,126.0,8,1654.63,1
14564.0,124.0,5,2519.32,1
14568.0,31.0,2,909.5,1
14569.0,279.0,3,371.59,0
14571.0,63.0,1,161.65,1
14573.0,133.0,5,968.0,1
14574.0,518.0,1,143.70000000000002,0
14575.0,126.0,1,460.71,1
14576.0,302.0,1,35.400000000000006,0
14577.0,62.0,3,514.54,1
14579.0,277.0,1,105.56,0
14580.0,96.0,1,14.850000000000001,1
14585.0,62.0,4,986.22,1
14588.0,68.0,1,135.39,1
14589.0,275.0,1,39.75,0
14590.0,32.0,28,2884.29,1
14593.0,71.0,15,2997.18,1
14594.0,334.0,1,255.0,0
14595.0,3.0,2,423.85,1
14597.0,1.0,4,1318.3899999999999,1
14600.0,31.0,1,471.84000000000003,1
14605.0,487.0,4,937.16,0
14606.0,10.0,135,18380.53,3
14607.0,224.0,10,7404.46,0
14608.0,5.0,8,1488.29,1
14609.0,101.0,7,764.64,1
14610.0,92.0,2,24.35,1
14615.0,62.0,6,934.26,1
14616.0,97.0,2,121.7,1
14617.0,304.0,2,190.47000000000003,0
14618.0,36.0,6,757.08,1
14621.0,127.0,10,1112.51,1
14623.0,64.0,6,1161.48,1
14624.0,281.0,4,588.22,0
14625.0,4.0,14,3543.05,1
14626.0,8.0,8,2617.7,1
14627.0,395.0,2,428.25,0
14628.0,131.0,3,1326.04,1
14630.0,4.0,1,338.65,1
14631.0,65.0,4,1016.19,1
14634.0,221.0,7,1971.82,0
14635.0,3.0,1,215.22,1
14639.0,127.0,3,1994.47,1
14640.0,224.0,8,1421.88,0
14643.0,342.0,3,986.08,0
14644.0,187.0,8,1297.01,1
14646.0,9.0,87,243853.05,2
14647.0,249.0,1,276.75,0
14648.0,254.0,19,4458.21,0
14649.0,223.0,7,2336.87,0
14651.0,32.0,7,1379.52,1
14653.0,189.0,5,1666.99,1
14654.0,699.0,1,246.86,0
14655.0,127.0,7,1899.08,1
14657.0,185.0,2,612.65,1
14662.0,124.0,3,645.16,1
14663.0,216.0,2,490.6,0
14665.0,124.0,2,913.95,1
14667.0,5.0,36,12489.39,3
14669.0,668.0,4,1973.94,0
14670.0,518.0,1,190.47,0
14671.0,128.0,2,1127.45,1
14672.0,5.0,2,347.59,1
14673.0,153.0,3,1674.41,1
14676.0,62.0,8,5742.25,1
14678.0,98.0,2,386.44,1
14679.0,188.0,5,1272.95,1
14680.0,7.0,65,27869.0,3
14681.0,223.0,3,376.20000000000005,0
14682.0,155.0,4,1462.81,1
14685.0,7.0,13,4324.31,1
14687.0,189.0,2,773.6800000000001,1
14688.0,2.0,8,2082.7,1
14690.0,1.0,2,422.63,1
14692.0,4.0,8,1153.54,1
14693.0,3.0,7,966.96,1
14694.0,341.0,1,244.31,0
14695.0,127.0,4,1552.57,1
14696.0,91.0,3,687.7,1
14699.0,279.0,3,593.47,0
14700.0,34.0,2,880.96,1
14701.0,219.0,6,2012.72,0
14702.0,3.0,15,3445.08,1
14704.0,32.0,2,266.66,1
14707.0,7.0,2,139.2,1
14708.0,2.0,3,1085.91,1
14709.0,126.0,13,3955.34,1
14710.0,219.0,9,1316.46,0
14713.0,30.0,14,2708.21,1
14714.0,244.0,6,736.21,0
14715.0,158.0,4,973.0699999999999,1
14717.0,548.0,2,72.8,0
14722.0,65.0,2,325.45,1
14723.0,63.0,7,934.76,1
14725.0,62.0,4,546.76,1
14727.0,36.0,3,22.55,1
14729.0,334.0,3,593.89,0
14732.0,1.0,14,2761.1800000000003,1
14733.0,153.0,4,6599.06,1
14734.0,63.0,5,1045.47,1
14735.0,1.0,25,6102.02,1
14736.0,34.0,2,401.08,1
14737.0,245.0,1,2389.62,0
14738.0,518.0,3,473.7,0
14739.0,2.0,21,8370.47,1
14740.0,125.0,9,2645.65,1
14741.0,303.0,2,497.25,0
14744.0,122.0,9,2732.49,1
14745.0,9.0,11,1324.3,1
14746.0,2.0,4,593.5,1
14748.0,8.0,12,1360.46,1
14750.0,639.0,1,112.03,0
14753.0,217.0,1,306.36,0
14754.0,63.0,5,908.23,1
14755.0,160.0,18,4886.07,1
14756.0,32.0,3,1874.5,1
14758.0,123.0,3,1380.9099999999999,1
14763.0,517.0,1,-9.95,0
14766.0,91.0,9,4008.91,1
14769.0,124.0,11,5055.07,1
14770.0,158.0,7,2748.4700000000003,1
14771.0,640.0,3,579.92,0
14775.0,303.0,1,406.56,0
14776.0,215.0,6,1143.44,0
14777.0,245.0,2,256.71,0
14786.0,159.0,1,90.96,1
14790.0,342.0,6,1781.56,0
14791.0,8.0,1,303.63,1
14794.0,30.0,4,617.04,1
14796.0,31.0,14,2851.61,1
14798.0,130.0,6,541.37,1
14799.0,668.0,1,180.45,0
14800.0,214.0,8,3179.25,1
14802.0,216.0,6,-1502.98,0
14805.0,35.0,3,549.99,1
14810.0,185.0,3,449.14,1
14813.0,130.0,4,935.44,1
14814.0,160.0,1,160.46,1
14817.0,92.0,7,2778.87,1
14818.0,156.0,3,512.61,1
14819.0,306.0,2,198.09,0
14820.0,1.0,5,767.47,1
14821.0,122.0,7,1237.65,1
14822.0,34.0,1,157.70000000000002,1
14824.0,9.0,8,2824.8,1
14825.0,37.0,16,2659.37,1
14826.0,160.0,2,385.2,1
14827.0,10.0,1,0.0,1
14828.0,70.0,11,7663.7,1
14829.0,303.0,4,995.29,0
14831.0,311.0,7,1623.97,0
14835.0,341.0,3,293.09999999999997,0
14837.0,126.0,7,1804.6200000000001,1
14838.0,2.0,2,773.6700000000001,1
14839.0,98.0,3,915.28,1
14841.0,92.0,8,3867.2400000000002,1
14844.0,4.0,8,3498.62,1
14846.0,2.0,2,406.79999999999995,1
14847.0,244.0,3,1011.2,0
14849.0,72.0,25,7638.16,1
14850.0,153.0,8,1297.06,1
14852.0,32.0,15,3286.94,1
14853.0,1.0,4,888.3199999999999,1
14854.0,7.0,6,1552.28,1
14855.0,130.0,5,5874.65,1
14857.0,340.0,7,2413.281,0
14859.0,281.0,1,351.9,0
14861.0,11.0,13,1192.61,1
14864.0,486.0,1,-48.75,0
14865.0,302.0,3,77.52000000000001,0
14866.0,122.0,8,6460.32,1
14867.0,11.0,16,2200.13,1
14868.0,31.0,4,1230.42,1
14870.0,245.0,8,1467.3500000000001,0
14871.0,159.0,5,736.59,1
14872.0,251.0,4,802.6800000000001,0
14876.0,188.0,2,256.7,1
14877.0,162.0,2,437.0,1
14878.0,39.0,19,2326.68,1
14882.0,5.0,13,2836.8500000000004,1
14884.0,132.0,1,120.6,1
14885.0,124.0,3,730.8,1
14893.0,342.0,4,544.41,0
14894.0,668.0,4,756.46,0
14895.0,159.0,24,13468.56,1
14896.0,91.0,9,1504.7,1
14897.0,304.0,5,1734.3600000000001,0
14898.0,3.0,12,2128.54,1
14899.0,92.0,1,1384.88,1
14900.0,219.0,1,13.919999999999998,0
14901.0,122.0,6,862.06,1
14902.0,92.0,3,686.16,1
14904.0,124.0,2,615.2,1
14905.0,8.0,7,1339.79,1
14907.0,2.0,14,2615.84,1
14908.0,306.0,1,104.10000000000001,0
14909.0,155.0,5,1380.98,1
14911.0,1.0,270,137675.91,2
14912.0,276.0,8,-92.94000000000011,0
14913.0,34.0,4,2845.7,1
14915.0,1.0,10,1493.8200000000002,1
14916.0,98.0,6,1623.3700000000001,1
14918.0,67.0,7,4345.66,1
14922.0,31.0,2,843.74,1
14924.0,70.0,2,620.96,1
14925.0,487.0,1,-7.95,0
14927.0,123.0,1,308.2,1
14930.0,8.0,6,2763.78,1
14932.0,91.0,2,666.13,1
14934.0,304.0,6,555.26,0
14936.0,221.0,5,4261.04,0
14940.0,548.0,2,531.49,0
14941.0,68.0,1,182.1,1
14942.0,39.0,5,706.56,1
14944.0,312.0,10,3831.97,0
14949.0,186.0,6,498.55,1
14952.0,122.0,29,9331.46,1
14954.0,225.0,1,167.27,0
14955.0,518.0,1,163.77,0
14957.0,223.0,1,274.8,0
14958.0,640.0,3,458.26,0
14961.0,99.0,16,9322.32,1
14962.0,251.0,3,240.21000000000004,0
14963.0,62.0,8,1670.83,1
14966.0,304.0,5,924.5200000000001,0
14967.0,640.0,6,1216.72,0
14968.0,156.0,1,357.4,1
14969.0,225.0,1,906.23,0
14970.0,281.0,12,2001.34,0
14978.0,216.0,7,1174.92,0
14979.0,609.0,1,439.46,0
14980.0,668.0,1,150.68,0
14981.0,2.0,2,211.39999999999998,1
14984.0,41.0,4,1058.1399999999999,1
14987.0,91.0,8,1305.85,1
14988.0,31.0,6,1732.06,1
14990.0,191.0,2,305.42,1
14991.0,216.0,1,314.67,0
14994.0,1.0,8,886.33,1
14998.0,154.0,2,340.86,1
15001.0,62.0,2,230.85999999999999,1
15002.0,11.0,6,3175.52,1
15003.0,101.0,7,1055.7,1
15005.0,34.0,42,7582.78,3
15006.0,3.0,1,323.05,1
15008.0,9.0,2,360.0,1
15011.0,92.0,2,416.6,1
15012.0,7.0,2,437.58,1
15013.0,95.0,10,1641.3,1
15015.0,38.0,20,2275.82,1
15016.0,31.0,5,452.26,1
15018.0,153.0,1,111.25,1
15021.0,1.0,7,817.3100000000001,1
15023.0,214.0,12,5329.03,1
15024.0,1.0,8,2414.18,1
15027.0,92.0,7,1922.09,1
15028.0,62.0,3,530.58,1
15030.0,155.0,7,1446.38,1
15031.0,62.0,12,2189.23,1
15032.0,65.0,7,8821.55,1
15034.0,37.0,6,4004.79,1
15038.0,63.0,4,604.37,1
15039.0,2.0,56,19956.55,3
15043.0,218.0,5,2336.7999999999997,0
15044.0,8.0,25,8212.15,1
15046.0,2.0,12,2519.37,1
15048.0,183.0,1,98.7,1
15051.0,699.0,7,2528.55,0
15056.0,158.0,1,133.45,1
15057.0,579.0,4,1695.06,0
15059.0,132.0,16,2101.8,1
15061.0,1.0,90,82162.74,3
15062.0,2.0,4,1597.76,1
15064.0,248.0,4,1254.41,0
15067.0,38.0,3,2120.37,1
15070.0,303.0,3,737.0500000000001,0
15073.0,215.0,5,1744.61,0
15074.0,185.0,2,817.46,1
15076.0,5.0,4,544.99,1
15077.0,93.0,4,2423.88,1
15078.0,4.0,28,7953.17,1
15079.0,8.0,13,2793.09,1
15080.0,124.0,2,546.25,1
15081.0,153.0,8,1460.92,1
15082.0,101.0,1,93.35000000000001,1
15084.0,253.0,2,965.2,0
15085.0,426.0,1,347.54,0
15091.0,285.0,4,546.15,0
15092.0,278.0,2,315.35,0
15093.0,11.0,26,9247.74,1
15094.0,223.0,2,83.0,0
15095.0,248.0,6,1771.04,0
15097.0,221.0,4,338.97,0
15100.0,11.0,11,1684.3999999999999,1
15101.0,5.0,8,993.46,1
15102.0,36.0,2,554.67,1
15105.0,216.0,2,795.98,0
15107.0,303.0,5,608.6,0
15109.0,98.0,2,498.15000000000003,1
15110.0,34.0,2,509.75,1
15111.0,32.0,3,1163.39,1
15112.0,161.0,1,209.4,1
15115.0,518.0,2,187.99,0
15122.0,8.0,10,2849.29,1
15125.0,188.0,13,5007.28,1
15127.0,127.0,1,304.97,1
15128.0,216.0,1,312.68,0
15129.0,2.0,12,3412.78,1
15131.0,62.0,1,80.28,1
15133.0,158.0,2,824.48,1
15135.0,340.0,1,166.63,0
15137.0,158.0,5,747.55,1
15138.0,31.0,2,486.59000000000003,1
15141.0,4.0,9,1378.31,1
15142.0,4.0,6,2110.23,1
15143.0,277.0,1,304.18,0
15144.0,68.0,15,5476.47,1
15149.0,7.0,4,1033.81,1
15150.0,93.0,3,3686.61,1
15151.0,2.0,2,2085.61,1
15152.0,164.0,2,513.73,1
15157.0,426.0,2,718.04,0
15158.0,245.0,2,36.25999999999999,0
15159.0,92.0,4,3475.7200000000003,1
15160.0,245.0,3,431.11,0
15162.0,395.0,2,241.5,0
15164.0,35.0,7,1208.97,1
15165.0,334.0,1,487.75,0
15167.0,254.0,4,1496.67,0
15173.0,97.0,8,1399.26,1
15176.0,71.0,2,985.09,1
15177.0,63.0,1,948.93,1
15179.0,1.0,10,5240.62,1
15180.0,153.0,3,816.9300000000001,1
15181.0,91.0,4,268.16999999999996,1
15183.0,67.0,4,637.03,1
15186.0,7.0,3,991.7900000000001,1
15189.0,156.0,5,1298.99,1
15190.0,336.0,1,834.4399999999999,0
15191.0,306.0,3,588.05,0
15192.0,91.0,3,937.07,1
15194.0,183.0,18,4666.51,1
15196.0,277.0,2,316.25,0
15197.0,62.0,5,771.4,1
15198.0,342.0,4,365.81,0
15199.0,307.0,6,1853.7,0
15200.0,307.0,1,549.05,0
15201.0,161.0,3,598.0600000000001,1
15203.0,223.0,9,2572.38,0
15207.0,66.0,5,653.77,1
15208.0,2.0,1,100.4,1
15209.0,455.0,1,178.98000000000002,0
15211.0,91.0,1,383.07,1
15215.0,31.0,5,880.47,1
15218.0,64.0,14,5699.11,1
15219.0,343.0,1,379.7,0
15221.0,9.0,7,1702.0,1
15222.0,164.0,16,2830.66,1
15223.0,99.0,3,662.2,1
15224.0,284.0,5,526.78,0
15227.0,123.0,4,1269.0900000000001,1
15228.0,155.0,2,2193.56,1
15229.0,310.0,1,160.5,0
15233.0,276.0,1,59.400000000000006,0
15235.0,214.0,6,690.3000000000001,0
15240.0,30.0,14,2629.43,1
15241.0,216.0,3,1293.72,0
15244.0,40.0,2,218.61,1
15245.0,188.0,5,2095.0,1
15246.0,309.0,1,266.25,0
15247.0,337.0,3,611.11,0
15249.0,159.0,6,2489.79,1
15250.0,100.0,1,60.0,1
15251.0,224.0,16,9768.49,1
15252.0,7.0,5,1312.28,1
15253.0,215.0,6,1117.99,0
15254.0,36.0,3,773.04,1
15255.0,123.0,10,2779.92,1
15260.0,67.0,24,7317.61,1
15261.0,336.0,3,1253.18,0
15262.0,126.0,2,239.87,1
15265.0,698.0,2,1839.52,0
15266.0,63.0,5,722.4,1
15270.0,8.0,22,4895.79,1
15271.0,91.0,11,2153.4700000000003,1
15276.0,62.0,4,495.71999999999997,1
15277.0,63.0,1,220.44,1
15278.0,10.0,4,496.15999999999997,1
15279.0,91.0,6,1264.33,1
15280.0,126.0,2,293.09999999999997,1
15281.0,92.0,10,6077.67,1
15283.0,95.0,4,135.43,1
15287.0,668.0,3,369.34000000000003,0
15288.0,10.0,6,1576.6100000000001,1
15289.0,156.0,3,635.61,1
15290.0,31.0,9,2551.81,1
15291.0,1.0,34,8854.73,1
15293.0,10.0,1,247.5,1
15294.0,244.0,2,222.3,0
15296.0,4.0,10,6613.62,1
15298.0,4.0,16,4581.93,1
15299.0,11.0,7,3456.5299999999997,1
15301.0,183.0,6,2533.09,1
15302.0,456.0,2,291.05,0
15304.0,183.0,2,225.15,1
15305.0,309.0,1,93.6,0
15306.0,221.0,7,2306.63,0
15309.0,70.0,10,715.53,1
15311.0,1.0,158,54093.73,3
15312.0,71.0,9,1995.39,1
15314.0,123.0,3,472.67999999999995,1
15317.0,487.0,2,112.05000000000001,0
15321.0,284.0,14,3909.92,0
15323.0,161.0,4,320.9,1
15324.0,164.0,1,140.22000000000003,1
15325.0,92.0,8,1434.52,1
15326.0,99.0,9,1218.1100000000001,1
15329.0,91.0,16,1737.48,1
15331.0,99.0,4,755.41,1
15332.0,122.0,6,4892.68,1
15336.0,276.0,1,240.5,0
15337.0,304.0,2,344.72,0
15339.0,125.0,8,1076.52,1
15346.0,63.0,3,339.23,1
15347.0,122.0,6,1132.3,1
15350.0,334.0,2,547.6,0
15351.0,214.0,7,1753.04,0
15352.0,97.0,1,114.95,1
15353.0,128.0,7,2377.03,1
15356.0,183.0,4,698.45,1
15358.0,1.0,28,8602.55,1
15359.0,101.0,9,162.6,1
15361.0,339.0,3,270.15000000000003,0
15362.0,699.0,2,613.08,0
15363.0,248.0,2,678.11,0
15365.0,4.0,6,2242.81,1
15366.0,159.0,5,1786.57,1
15367.0,99.0,8,3138.04,1
15368.0,62.0,1,275.8,1
15369.0,5.0,12,3305.88,1
15372.0,64.0,9,3947.02,1
15373.0,189.0,6,1005.48,1
15377.0,303.0,5,1179.95,0
15378.0,278.0,2,246.5,0
15379.0,245.0,1,1174.55,0
15380.0,11.0,8,1739.8400000000001,1
15381.0,2.0,4,1290.77,1
15382.0,160.0,12,7718.64,1
15384.0,302.0,3,1378.73,0
15385.0,1.0,2,625.2,1
15387.0,248.0,1,468.65,0
15389.0,244.0,4,2233.8,0
15390.0,123.0,2,1216.66,1
15391.0,251.0,2,282.92,0
15392.0,123.0,3,1376.0900000000001,1
15394.0,92.0,9,3067.86,1
15396.0,221.0,1,508.20000000000005,0
15400.0,218.0,3,586.1,0
15403.0,218.0,2,170.88,0
15405.0,7.0,1,310.74,1
15406.0,3.0,2,465.15999999999997,1
15409.0,164.0,2,117.2,1
15413.0,72.0,7,-2531.3799999999997,1
15416.0,344.0,4,580.28,0
15418.0,63.0,2,452.32,1
15420.0,336.0,6,743.0,0
15421.0,518.0,6,2854.98,0
15422.0,3.0,6,1517.32,1
15423.0,160.0,3,175.64,1
15424.0,305.0,1,214.44,0
15425.0,244.0,4,1944.57,0
15426.0,183.0,6,1163.05,1
15428.0,9.0,3,668.97,1
15430.0,219.0,3,903.75,0
15437.0,100.0,1,193.29000000000002,1
15439.0,32.0,4,1269.05,1
15441.0,32.0,3,1254.21,1
15443.0,38.0,8,1903.98,1
15446.0,251.0,5,398.85,0
15448.0,285.0,1,294.17,0
15451.0,336.0,2,233.21,0
15456.0,248.0,7,1672.05,0
15458.0,303.0,1,208.79999999999998,0
15461.0,217.0,3,391.29999999999995,0
15465.0,133.0,16,5281.13,1
15466.0,8.0,3,1236.48,1
15468.0,1.0,2,949.02,1
15469.0,124.0,2,329.90000000000003,1
15471.0,159.0,2,847.0799999999999,1
15476.0,1.0,5,2180.28,1
15479.0,548.0,1,147.4,0
15480.0,344.0,6,2686.75,0
15481.0,276.0,1,1993.34,0
15482.0,162.0,8,1539.1099999999997,1
15484.0,579.0,2,1061.69,0
15485.0,334.0,6,3049.51,0
15488.0,94.0,4,340.6,1
15489.0,38.0,8,1237.3300000000002,1
15490.0,216.0,2,188.1,0
15493.0,191.0,4,2313.18,1
15494.0,158.0,4,2471.72,1
15497.0,37.0,8,7383.76,1
15498.0,1.0,23,11464.35,1
15502.0,183.0,10,3132.07,1
15504.0,8.0,4,361.07,1
15512.0,344.0,2,210.58,0
15513.0,5.0,21,12744.37,1
15514.0,609.0,7,2459.09,0
15518.0,127.0,10,2191.89,1
15521.0,3.0,11,4099.79,1
15523.0,8.0,17,16808.03,1
15524.0,8.0,1,151.4,1
15525.0,334.0,2,469.78,0
15527.0,9.0,21,2692.96,1
15529.0,62.0,2,1116.72,1
15532.0,128.0,6,2190.9700000000003,1
15535.0,91.0,4,525.92,1
15538.0,100.0,11,3027.15,1
15542.0,668.0,4,895.9,0
15543.0,186.0,1,114.98,1
15544.0,9.0,16,4591.61,1
15545.0,274.0,1,135.32999999999998,0
15546.0,8.0,3,539.5500000000001,1
15547.0,63.0,14,5186.05,1
15549.0,41.0,5,652.7,1
15550.0,11.0,10,1419.97,1
15551.0,62.0,8,1223.22,1
15555.0,35.0,28,6985.88,1
15558.0,70.0,2,143.32999999999998,1
15560.0,154.0,2,153.52,1
15561.0,68.0,4,1133.8,1
15562.0,32.0,2,538.83,1
15564.0,306.0,2,70.74000000000001,0
15566.0,1.0,2,227.87,1
15570.0,2.0,15,5137.02,1
15571.0,154.0,10,3401.2,1
15573.0,426.0,3,599.73,0
15574.0,303.0,4,774.4499999999999,0
15579.0,123.0,5,918.65,1
15580.0,64.0,14,1221.95,1
15581.0,4.0,30,2367.81,1
15584.0,163.0,2,552.39,1
15586.0,133.0,4,1128.66,1
15587.0,1.0,3,608.4000000000001,1
15590.0,8.0,5,1496.6,1
15591.0,100.0,3,217.9,1
15595.0,95.0,1,357.6,1
15596.0,1.0,8,1680.25,1
15598.0,124.0,1,307.34,1
15600.0,155.0,5,1178.71,1
15601.0,67.0,19,8173.860000000001,1
15602.0,92.0,11,1892.3400000000001,1
15603.0,343.0,2,26.25,0
15605.0,284.0,6,735.1700000000001,0
15606.0,94.0,8,2310.83,1
15607.0,133.0,12,1473.81,1
15611.0,98.0,17,1289.98,1
15613.0,130.0,1,433.71999999999997,1
15614.0,154.0,7,3008.86,1
15615.0,67.0,27,10922.03,1
15617.0,123.0,3,828.5500000000001,1
15620.0,244.0,2,385.53000000000003,0
15622.0,31.0,14,4093.55,1
15623.0,31.0,7,2136.02,1
15625.0,338.0,6,1698.69,0
15627.0,125.0,2,566.9,1
15628.0,40.0,12,2737.7200000000003,1
15630.0,223.0,1,295.05,0
15631.0,162.0,1,596.67,1
15633.0,10.0,18,4173.41,1
15635.0,92.0,1,100.35,1
15637.0,100.0,4,574.23,1
15638.0,130.0,8,2231.2,1
15640.0,130.0,18,11402.07,1
15641.0,123.0,8,3458.35,1
15642.0,426.0,1,105.78000000000002,0
15645.0,63.0,3,430.56,1
15646.0,62.0,3,526.97,1
15649.0,153.0,3,1354.35,1
15650.0,5.0,3,539.03,1
15652.0,34.0,5,1074.1,1
15658.0,215.0,6,1311.44,0
15660.0,91.0,7,1212.13,1
15661.0,68.0,6,906.15,1
15662.0,699.0,2,283.73,0
15664.0,154.0,5,853.72,1
15666.0,338.0,2,632.9399999999999,0
15670.0,67.0,2,142.15,1
15673.0,5.0,6,3528.82,1
15674.0,68.0,10,4473.83,1
15677.0,306.0,2,648.4,0
15678.0,92.0,2,1541.19,1
15680.0,122.0,10,3130.8,1
15681.0,1.0,10,1533.84,1
15684.0,66.0,6,147.8,1
15689.0,342.0,1,266.93,0
15691.0,62.0,4,375.0,1
15694.0,30.0,16,4142.86,1
15696.0,2.0,9,1113.01,1
15704.0,221.0,4,1450.56,0
15708.0,32.0,5,994.26,1
15711.0,340.0,2,420.25,0
15712.0,124.0,8,2395.1,1
15713.0,8.0,4,639.24,1
15714.0,3.0,3,453.93,1
15715.0,309.0,5,658.02,0
15716.0,3.0,8,1938.0,1
15717.0,248.0,4,456.70000000000005,0
15719.0,4.0,25,5090.4,1
15720.0,159.0,1,143.19,1
15722.0,100.0,9,2938.84,1
15724.0,30.0,2,87.5,1
15727.0,279.0,8,4266.55,0
15729.0,31.0,3,92.7,1
15730.0,246.0,3,599.8,0
15731.0,250.0,1,125.3,0
15732.0,221.0,11,1343.4,0
15734.0,67.0,2,923.85,1
15736.0,215.0,3,1717.27,0
15738.0,2.0,28,8553.35,1
15741.0,156.0,2,208.62,1
15747.0,338.0,7,1586.62,0
15750.0,31.0,18,4241.321,1
15751.0,162.0,14,1318.84,1
15752.0,125.0,3,1570.16,1
15754.0,219.0,8,2546.19,0
15755.0,8.0,12,3618.07,1
15757.0,67.0,4,2225.94,1
15759.0,278.0,7,557.94,0
15764.0,336.0,4,1207.81,0
15765.0,40.0,1,370.63,1
15766.0,94.0,3,484.6,1
15767.0,131.0,2,-242.70000000000002,1
15768.0,39.0,32,14977.63,1
15769.0,7.0,23,32445.66,3
15770.0,191.0,1,321.45,1
15771.0,191.0,3,1006.54,1
15774.0,126.0,6,1053.4,1
15777.0,123.0,4,710.55,1
15778.0,246.0,1,307.95,0
15779.0,306.0,2,124.08000000000001,0
15782.0,216.0,2,1391.71,0
15784.0,224.0,2,848.3299999999999,0
15785.0,63.0,18,3521.58,1
15786.0,3.0,4,3558.65,1
15789.0,246.0,6,1580.71,0
15791.0,131.0,6,1937.35,1
15792.0,215.0,2,933.84,0
15793.0,125.0,5,1433.96,1
15794.0,640.0,2,777.0,0
15795.0,216.0,7,1369.8600000000001,0
15796.0,3.0,12,2353.34,1
15797.0,160.0,2,613.6800000000001,1
15798.0,248.0,3,1535.37,0
15800.0,3.0,5,543.5,1
15803.0,306.0,3,1513.84,0
15805.0,65.0,20,4256.75,1
15807.0,40.0,3,903.67,1
15808.0,9.0,20,14524.06,1
15809.0,64.0,3,463.67,1
15810.0,253.0,6,1579.3700000000001,0
15811.0,91.0,2,1671.9,1
15812.0,252.0,8,3385.03,0
15814.0,30.0,2,689.11,1
15817.0,248.0,3,2766.4,0
15819.0,246.0,7,2005.83,0
15822.0,189.0,6,892.4399999999999,1
15823.0,164.0,5,3874.62,1
15824.0,3.0,2,890.94,1
15827.0,68.0,24,1789.48,1
15833.0,668.0,1,80.4,0
15834.0,32.0,4,1515.39,1
15837.0,34.0,1,385.03000000000003,1
15838.0,2.0,19,40053.35,3
15841.0,188.0,6,1507.4,1
15842.0,31.0,3,528.75,1
15845.0,221.0,4,622.78,0
15847.0,131.0,3,433.3,1
15851.0,339.0,1,109.73,0
15852.0,339.0,1,96.55,0
15854.0,128.0,9,2609.16,1
15856.0,1.0,28,17643.77,1
15857.0,216.0,1,273.48,0
15858.0,153.0,11,2479.02,1
15859.0,277.0,1,438.46,0
15860.0,183.0,10,1528.0,1
15861.0,93.0,6,1217.63,1
15862.0,37.0,10,2095.41,1
15863.0,342.0,3,289.86,0
15865.0,225.0,2,1353.79,0
15867.0,132.0,20,5177.06,1
15868.0,221.0,1,94.53,0
15870.0,123.0,3,508.52,1
15872.0,159.0,2,434.75,1
15873.0,248.0,5,138.23999999999998,0
15874.0,4.0,16,6804.33,1
15875.0,284.0,1,111.72,0
15878.0,548.0,2,330.77,0
15879.0,187.0,4,1157.3,1
15880.0,214.0,2,313.28000000000003,0
15882.0,183.0,8,953.5500000000001,1
15884.0,277.0,3,243.75000000000003,0
15885.0,156.0,17,1358.22,1
15887.0,217.0,3,1027.15,0
15888.0,245.0,2,260.85,0
15889.0,98.0,8,1348.96,1
15890.0,62.0,5,535.65,1
15892.0,132.0,1,128.2,1
15894.0,214.0,1,156.74,0
15898.0,32.0,25,4149.68,1
15899.0,183.0,1,56.25,1
15901.0,306.0,6,320.35,0
15903.0,246.0,7,3733.48,0
15906.0,62.0,4,946.1,1
15908.0,187.0,2,764.57,1
15910.0,36.0,7,1449.6200000000001,1
15911.0,70.0,10,1401.55,1
15912.0,426.0,7,810.08,0
15915.0,276.0,1,429.21,0
15916.0,31.0,10,1786.43,1
15917.0,8.0,4,437.53000000000003,1
15919.0,183.0,1,270.72,1
15920.0,32.0,5,404.14,1
15921.0,100.0,3,466.08,1
15922.0,303.0,2,363.6,0
15923.0,303.0,1,127.08,0
15924.0,487.0,1,102.82,0
15927.0,312.0,1,123.39,0
15929.0,223.0,1,594.0,0
15931.0,155.0,1,239.9,1
15934.0,185.0,2,2190.66,1
15935.0,486.0,1,-308.82,0
15938.0,93.0,4,330.23,1
15941.0,9.0,2,230.6,1
15944.0,31.0,3,1839.1399999999999,1
15945.0,91.0,4,646.27,1
15948.0,32.0,1,553.85,1
15950.0,253.0,8,5233.25,0
15953.0,3.0,12,1890.1699999999998,1
15955.0,39.0,10,4232.8,1
15956.0,189.0,2,617.6,1
15958.0,159.0,3,388.64,1
15960.0,62.0,5,394.0,1
15965.0,1.0,11,2153.7,1
15967.0,132.0,11,2600.37,1
15969.0,63.0,2,460.95,1
15971.0,32.0,8,730.5800000000002,1
15972.0,94.0,5,1810.27,1
15973.0,122.0,3,680.62,1
15976.0,189.0,4,1315.7,1
15978.0,1.0,4,2173.84,1
15980.0,187.0,6,4147.42,1
15981.0,8.0,19,5859.59,1
15983.0,1.0,6,2483.8,1
15984.0,4.0,22,5854.15,1
15985.0,34.0,5,1572.8600000000001,1
15987.0,183.0,2,230.85,1
15988.0,189.0,2,612.0600000000001,1
15989.0,668.0,2,372.51,0
15990.0,307.0,5,1217.94,0
15992.0,3.0,2,854.61,1
15996.0,122.0,2,626.22,1
15997.0,342.0,1,-23.4,0
15998.0,31.0,15,5136.22,1
15999.0,609.0,1,20.4,0
16003.0,639.0,5,2878.46,0
16005.0,32.0,7,1788.38,1
16008.0,3.0,12,4905.35,1
16010.0,1.0,9,1314.61,1
16011.0,38.0,15,2504.3,1
16012.0,276.0,2,1574.5,0
16013.0,1.0,42,19422.67,3
16016.0,122.0,6,1011.73,1
16017.0,225.0,4,1341.95,0
16018.0,123.0,2,289.23,1
16019.0,1.0,25,13189.91,1
16021.0,92.0,2,532.25,1
16027.0,100.0,11,947.72,1
16029.0,8.0,52,40808.3,3
16032.0,93.0,6,1970.45,1
16033.0,34.0,10,1964.78,1
16034.0,62.0,4,488.07,1
16036.0,32.0,2,1797.92,1
16037.0,343.0,4,634.42,0
16039.0,2.0,3,449.65,1
16040.0,64.0,5,1070.15,1
16042.0,3.0,6,1005.63,1
16045.0,217.0,5,1846.33,0
16048.0,128.0,5,812.84,1
16049.0,35.0,3,787.89,1
16050.0,276.0,2,162.8,0
16053.0,130.0,6,2094.19,1
16054.0,8.0,6,1306.78,1
16057.0,127.0,7,1061.85,1
16059.0,153.0,7,1757.91,1
16060.0,216.0,3,541.95,0
16061.0,246.0,2,74.9,0
16062.0,216.0,4,1709.83,0
16065.0,91.0,10,1993.53,1
16067.0,224.0,6,3026.19,0
16072.0,128.0,3,3744.57,1
16078.0,132.0,1,283.79,1
16081.0,30.0,4,1653.28,1
16082.0,163.0,1,106.75,1
16085.0,217.0,8,1356.22,0
16086.0,32.0,6,1743.6,1
16087.0,99.0,5,1739.92,1
16092.0,98.0,5,736.13,1
16094.0,62.0,13,2557.33,1
16095.0,94.0,1,447.05,1
16096.0,253.0,3,1264.3500000000001,0
16098.0,128.0,8,2442.47,1
16099.0,284.0,5,836.35,0
16100.0,278.0,1,582.64,0
16101.0,336.0,4,1921.46,0
16103.0,3.0,21,4573.12,1
16104.0,38.0,10,2213.0,1
16105.0,218.0,4,2049.23,0
16108.0,7.0,6,1355.83,1
16109.0,72.0,2,311.7,1
16110.0,219.0,1,481.79,0
16111.0,154.0,1,562.48,1
16115.0,126.0,4,907.17,1
16117.0,304.0,3,417.84,0
16118.0,30.0,5,4255.43,1
16119.0,62.0,6,1297.45,1
16122.0,63.0,3,316.92,1
16124.0,221.0,4,1522.24,0
16125.0,40.0,14,4298.3,1
16126.0,2.0,11,8359.03,1
16128.0,30.0,9,1868.18,1
16129.0,216.0,3,1396.05,0
16130.0,68.0,4,987.48,1
16131.0,63.0,9,6359.73,1
16133.0,1.0,32,7923.22,1
16134.0,2.0,4,1516.3,1
16135.0,221.0,1,301.9,0
16136.0,162.0,2,211.7,1
16138.0,183.0,4,902.4,1
16139.0,640.0,2,475.74,0
16140.0,275.0,2,832.4200000000001,0
16143.0,30.0,10,2447.04,1
16145.0,36.0,11,2951.62,1
16147.0,224.0,6,1992.02,0
16149.0,185.0,1,141.70000000000002,1
16150.0,98.0,11,2248.62,1
16153.0,188.0,8,3213.28,1
16156.0,124.0,13,2908.9700000000003,1
16158.0,219.0,10,611.32,0
16159.0,312.0,4,882.09,0
16161.0,2.0,33,7095.99,1
16163.0,36.0,12,1822.03,1
16166.0,155.0,4,327.48,1
16167.0,341.0,6,1149.8700000000001,0
16168.0,5.0,46,6768.48,3
16170.0,4.0,18,4933.25,1
16174.0,160.0,4,1237.2,1
16177.0,93.0,11,1809.66,1
16178.0,276.0,1,414.7,0
16180.0,95.0,6,5952.79,1
16182.0,5.0,5,3354.0,1
16183.0,62.0,3,739.1,1
16186.0,1.0,18,4991.97,1
16190.0,62.0,7,2508.4700000000003,1
16191.0,36.0,15,10248.800000000001,1
16192.0,609.0,1,351.3,0
16196.0,126.0,1,93.3,1
16197.0,158.0,9,2016.71,1
16199.0,1.0,7,942.75,1
16200.0,189.0,11,4549.33,1
16202.0,281.0,10,2101.77,0
16203.0,31.0,3,521.64,1
16204.0,486.0,3,533.53,0
16205.0,123.0,3,1069.23,1
16206.0,3.0,10,2060.31,1
16208.0,3.0,8,2776.19,1
16209.0,36.0,4,1884.16,1
16210.0,31.0,21,17217.760000000002,1
16212.0,163.0,2,603.37,1
16218.0,3.0,12,1288.73,1
16220.0,395.0,1,-10.17,0
16221.0,4.0,8,1364.15,1
16223.0,92.0,2,1102.3500000000001,1
16225.0,65.0,13,1725.5900000000001,1
16227.0,248.0,4,640.5,0
16228.0,244.0,4,886.1600000000001,0
16229.0,188.0,5,1824.76,1
16231.0,31.0,4,1078.22,1
16232.0,4.0,5,1708.79,1
16233.0,122.0,8,1396.58,1
16235.0,32.0,5,1132.2,1
16239.0,124.0,4,1078.0,1
16241.0,1.0,4,1721.44,1
16242.0,189.0,10,3835.04,1
16244.0,303.0,1,1056.63,0
16246.0,132.0,2,827.25,1
16250.0,334.0,2,401.94,0
16252.0,122.0,2,2.6645352591003757e-15,1
16253.0,185.0,6,3611.29,1
16255.0,91.0,10,2225.09,1
16256.0,279.0,2,876.9399999999999,0
16258.0,70.0,11,6630.01,1
16263.0,2.0,1,351.01,1
16265.0,30.0,4,1470.47,1
16266.0,1.0,7,896.06,1
16269.0,155.0,2,714.59,1
16271.0,125.0,5,2033.78,1
16273.0,343.0,2,336.03999999999996,0
16274.0,334.0,1,357.95,0
16275.0,131.0,2,1591.24,1
16276.0,38.0,2,1818.79,1
16277.0,548.0,1,188.69,0
16279.0,65.0,6,4195.5,1
16281.0,2.0,3,1354.46,1
16282.0,95.0,2,1139.28,1
16284.0,31.0,1,205.8,1
16285.0,284.0,1,176.9,0
16286.0,68.0,4,263.65,1
16287.0,131.0,4,864.48,1
16289.0,278.0,2,98.81,0
16290.0,337.0,4,2069.3,0
16292.0,278.0,7,890.56,0
16293.0,153.0,8,2395.46,1
16296.0,163.0,6,1245.97,1
16298.0,1.0,6,481.8,1
16300.0,216.0,3,1392.43,0
16301.0,640.0,1,107.33,0
16303.0,1.0,5,2517.89,1
16306.0,153.0,2,560.55,1
16307.0,37.0,3,1194.92,1
16310.0,162.0,2,460.08,1
16312.0,277.0,1,171.15,0
16314.0,156.0,3,1491.4,1
16316.0,93.0,7,2777.75,1
16317.0,159.0,3,838.11,1
16320.0,3.0,6,3390.39,1
16321.0,699.0,3,34.8,0
16323.0,37.0,1,146.16,1
16325.0,1.0,12,2953.3,1
16326.0,310.0,11,1621.03,0
16327.0,214.0,15,6861.3,1
16329.0,124.0,4,1703.07,1
16330.0,32.0,4,382.42,1
16331.0,162.0,6,2037.7,1
16332.0,246.0,5,406.77,0
16334.0,248.0,1,277.48,0
16335.0,189.0,8,2747.0,1
16336.0,156.0,4,3517.69,1
16340.0,189.0,2,976.99,1
16341.0,99.0,4,1872.91,1
16344.0,101.0,3,741.3199999999999,1
16347.0,9.0,11,2594.36,1
16348.0,216.0,1,328.77,0
16350.0,91.0,8,1106.02,1
16351.0,8.0,17,3125.23,1
16353.0,8.0,19,3310.2200000000003,1
16356.0,189.0,3,204.10000000000002,1
16358.0,62.0,1,892.1500000000001,1
16359.0,67.0,8,919.03,1
16362.0,216.0,2,189.67,0
16365.0,92.0,8,1756.3799999999999,1
16366.0,190.0,3,1220.83,1
16369.0,161.0,4,1111.15,1
16372.0,38.0,4,930.68,1
16374.0,304.0,3,1298.42,0
16377.0,342.0,1,632.28,0
16381.0,92.0,2,258.7,1
16382.0,159.0,2,353.1,1
16383.0,123.0,7,2242.48,1
16384.0,185.0,2,774.4499999999999,1
16385.0,122.0,3,474.72,1
16387.0,3.0,4,824.19,1
16391.0,245.0,4,1103.61,0
16393.0,92.0,11,2515.45,1
16395.0,31.0,12,1972.05,1
16400.0,92.0,8,2855.5099999999998,1
16401.0,2.0,19,2567.75,1
16402.0,214.0,1,211.8,0
16404.0,518.0,1,-12.75,0
16407.0,32.0,4,694.72,1
16409.0,308.0,7,3680.16,0
16410.0,579.0,1,130.32,0
16411.0,155.0,3,695.54,1
16412.0,31.0,4,495.4,1
16414.0,246.0,3,433.46000000000004,0
16415.0,221.0,2,509.09000000000003,0
16416.0,154.0,6,1921.48,1
16417.0,248.0,1,35.7,0
16419.0,37.0,2,515.1899999999999,1
16420.0,123.0,1,75.0,1
16422.0,2.0,72,27304.850000000002,3
16430.0,154.0,6,817.09,1
16434.0,217.0,6,1204.79,0
16436.0,101.0,4,242.04,1
16437.0,185.0,2,301.25,1
16440.0,279.0,1,216.3,0
16443.0,158.0,1,162.24,1
16444.0,63.0,15,2943.61,1
16446.0,246.0,1,-9.0,0
16450.0,251.0,3,1163.81,0
16451.0,487.0,3,742.4300000000001,0
16453.0,97.0,2,251.71,1
16454.0,8.0,5,10.05,1
16455.0,155.0,8,2465.54,1
16456.0,334.0,10,4027.04,0
16458.0,92.0,12,2232.6,1
16459.0,426.0,1,71.78999999999999,0
16461.0,284.0,2,1463.8,0
16466.0,38.0,9,2110.13,1
16467.0,194.0,8,2862.4,1
16470.0,95.0,7,1696.21,1
16471.0,1.0,5,962.23,1
16472.0,336.0,2,789.6,0
16476.0,31.0,3,337.0,1
16477.0,4.0,5,1825.56,1
16485.0,277.0,6,1774.03,0
16487.0,37.0,2,209.4,1
16490.0,215.0,2,179.16000000000003,0
16491.0,245.0,2,792.81,0
16493.0,219.0,3,780.46,0
16496.0,246.0,3,731.25,0
16497.0,36.0,17,3729.59,1
16499.0,36.0,9,2172.64,1
16500.0,304.0,4,435.09999999999997,0
16503.0,30.0,8,2176.46,1
16510.0,303.0,6,1851.8999999999999,0
16511.0,154.0,3,868.76,1
16512.0,395.0,1,-33.9,0
16515.0,245.0,5,1589.17,0
16518.0,340.0,3,457.35,0
16519.0,34.0,3,341.18,1
16520.0,32.0,5,1429.3,1
16521.0,343.0,3,1148.01,0
16523.0,70.0,11,2464.87,1
16525.0,4.0,26,11455.17,1
16526.0,251.0,1,426.85,0
16527.0,32.0,1,1044.38,1
16530.0,101.0,1,48.349999999999994,1
16531.0,1.0,5,1018.99,1
16532.0,246.0,2,2007.84,0
16534.0,162.0,1,635.9,1
16537.0,131.0,1,23.35,1
16539.0,127.0,7,2343.2,1
16541.0,609.0,2,419.78,0
16542.0,276.0,1,137.7,0
16543.0,221.0,2,277.80999999999995,0
16544.0,127.0,6,110.3,1
16546.0,30.0,6,3933.29,1
16547.0,36.0,1,111.71,1
16549.0,3.0,27,9005.0,1
16550.0,183.0,22,6903.07,1
16551.0,2.0,4,1315.0,1
16552.0,334.0,1,95.29,0
16553.0,2.0,23,10891.3,1
16554.0,8.0,11,1765.62,1
16556.0,133.0,17,4296.44,1
16558.0,32.0,24,5461.92,1
16559.0,154.0,1,185.20000000000002,1
16560.0,154.0,7,2194.2200000000003,1
16563.0,93.0,6,3334.82,1
16565.0,65.0,4,526.75,1
16568.0,124.0,2,1020.9000000000001,1
16569.0,41.0,4,1331.03,1
16570.0,8.0,16,3218.87,1
16571.0,34.0,12,2739.83,1
16574.0,2.0,2,850.34,1
16576.0,188.0,5,513.1700000000001,1
16577.0,40.0,1,380.0,1
16579.0,63.0,2,264.45,1
16580.0,395.0,1,-5.0,0
16583.0,254.0,2,297.95,0
16584.0,155.0,4,2177.44,1
16588.0,155.0,4,1361.28,1
16590.0,245.0,3,563.6,0
16592.0,97.0,15,3551.18,1
16593.0,63.0,6,721.21,1
16595.0,8.0,4,1450.02,1
16596.0,122.0,3,329.48,1
16600.0,123.0,10,1280.04,1
16604.0,97.0,3,326.25,1
16606.0,336.0,2,357.66,0
16607.0,2.0,13,2336.5099999999998,1
16608.0,3.0,2,1288.72,1
16611.0,70.0,5,1655.64,1
16612.0,304.0,6,2055.82,0
16614.0,68.0,2,673.6,1
16620.0,223.0,4,1579.97,0
16623.0,276.0,4,873.04,0
16628.0,131.0,2,130.05,1
16631.0,37.0,8,1867.02,1
16632.0,34.0,2,406.4,1
16634.0,302.0,9,1145.2,0
16636.0,190.0,4,3802.04,1
16638.0,94.0,6,749.8100000000001,1
16640.0,154.0,1,179.4,1
16641.0,164.0,1,323.40000000000003,1
16645.0,609.0,1,160.39,0
16648.0,64.0,2,382.14,1
16649.0,158.0,1,306.58000000000004,1
16650.0,4.0,6,1397.69,1
16651.0,310.0,1,136.2,0
16652.0,66.0,13,10658.57,1
16654.0,183.0,5,1110.2,1
16655.0,98.0,8,2718.75,1
16656.0,97.0,23,7739.4800000000005,1
16658.0,183.0,9,573.48,1
16660.0,156.0,3,611.9000000000001,1
16661.0,68.0,5,842.1800000000001,1
16662.0,62.0,1,163.8,1
16663.0,426.0,1,165.0,0
16668.0,219.0,7,555.7,0
16670.0,8.0,16,3764.2000000000003,1
16676.0,303.0,2,769.78,0
16677.0,30.0,3,849.77,1
16679.0,62.0,3,663.31,1
16681.0,131.0,1,151.5,1
16684.0,36.0,34,75610.17,3
16686.0,3.0,9,2008.09,1
16690.0,31.0,2,127.45,1
16693.0,35.0,3,717.45,1
16699.0,609.0,8,964.9,0
16700.0,38.0,15,4044.06,1
16701.0,1.0,16,4464.32,1
16702.0,280.0,5,1100.8799999999999,0
16703.0,487.0,1,-15.0,0
16704.0,224.0,2,695.66,0
16705.0,8.0,32,28707.011,3
16707.0,97.0,4,551.11,1
16709.0,285.0,9,6057.59,0
16710.0,132.0,14,3853.3,1
16711.0,668.0,5,1100.45,0
16712.0,276.0,2,621.5600000000001,0
16713.0,3.0,22,7540.31,1
16714.0,163.0,3,343.18,1
16717.0,122.0,12,3031.6,1
16718.0,38.0,5,3023.78,1
16719.0,70.0,10,2054.63,1
16722.0,122.0,12,4256.62,1
16723.0,609.0,2,712.48,0
16725.0,275.0,9,1095.64,0
16727.0,1.0,3,1164.6,1
16731.0,343.0,1,174.05,0
16732.0,11.0,8,3363.04,1
16735.0,31.0,15,3362.8,1
16736.0,251.0,8,2904.51,0
16737.0,37.0,1,417.59999999999997,1
16740.0,92.0,1,236.81,1
16742.0,38.0,13,2387.71,1
16743.0,94.0,7,2015.17,1
16746.0,101.0,27,11337.54,1
16748.0,101.0,10,2116.39,1
16752.0,303.0,1,207.5,0
16754.0,8.0,35,54558.18,3
16755.0,285.0,5,1397.4,0
16756.0,100.0,8,1048.02,1
16760.0,216.0,1,228.0,0
16763.0,699.0,1,352.85,0
16767.0,187.0,5,2391.2,1
16768.0,71.0,9,1189.03,1
16770.0,303.0,6,1155.13,0
16771.0,125.0,5,1720.79,1
16772.0,2.0,5,2785.6,1
16773.0,548.0,2,249.65,0
16774.0,2.0,4,932.93,1
16775.0,2.0,7,1279.63,1
16777.0,244.0,4,1050.66,0
16779.0,7.0,35,22527.56,3
16781.0,91.0,3,606.4,1
16782.0,8.0,33,8106.71,1
16784.0,279.0,4,788.93,0
16786.0,31.0,1,51.839999999999996,1
16787.0,3.0,4,1035.43,1
16788.0,159.0,3,1352.82,1
16791.0,100.0,10,2239.84,1
16792.0,255.0,3,513.08,0
16794.0,189.0,5,868.1999999999999,1
16795.0,91.0,5,2050.31,1
16797.0,30.0,9,1786.77,1
16798.0,162.0,4,837.56,1
16799.0,3.0,3,491.03000000000003,1
16802.0,456.0,2,582.61,0
16805.0,37.0,3,636.65,1
16807.0,312.0,5,943.29,0
16809.0,94.0,4,812.74,1
16814.0,2.0,16,5990.61,1
16815.0,3.0,2,410.97,1
16817.0,91.0,7,1147.6,1
16822.0,486.0,3,144.84,0
16823.0,276.0,7,1894.76,0
16824.0,31.0,1,225.6,1
16827.0,31.0,5,392.13,1
16830.0,313.0,4,857.7900000000001,0
16832.0,155.0,2,218.45999999999998,1
16834.0,285.0,1,485.5,0
16835.0,95.0,9,1290.66,1
16839.0,40.0,13,5610.49,1
16840.0,285.0,3,126.71000000000001,0
16841.0,11.0,7,2066.54,1
16843.0,63.0,21,9344.96,1
16844.0,190.0,2,614.34,1
16846.0,37.0,2,628.09,1
16848.0,277.0,3,1130.2,0
16853.0,486.0,1,-67.5,0
16854.0,100.0,2,1408.96,1
16858.0,10.0,16,4085.7400000000002,1
16859.0,158.0,5,1184.6,1
16861.0,183.0,4,750.72,1
16862.0,67.0,4,662.33,1
16863.0,122.0,2,495.72,1
16864.0,336.0,2,409.25,0
16865.0,276.0,1,130.95,0
16868.0,62.0,3,393.39,1
16872.0,3.0,3,533.11,1
16873.0,10.0,7,7480.72,1
16875.0,159.0,11,2029.73,1
16876.0,335.0,1,136.01,0
16880.0,279.0,1,321.78,0
16883.0,5.0,19,2109.91,1
16884.0,340.0,2,644.08,0
16886.0,94.0,2,0.0,1
16887.0,245.0,2,465.84000000000003,0
16888.0,164.0,3,437.15,1
16889.0,35.0,3,952.23,1
16890.0,190.0,3,285.41,1
16891.0,7.0,7,1247.1200000000001,1
16892.0,281.0,2,236.56,0
16893.0,122.0,2,255.84,1
16895.0,10.0,4,902.28,1
16896.0,309.0,1,103.95,0
16898.0,7.0,4,443.21,1
16899.0,154.0,2,439.46000000000004,1
16901.0,426.0,1,204.26,0
16904.0,153.0,7,1378.1,1
16905.0,275.0,13,1919.02,0
16906.0,155.0,3,869.03,1
16907.0,91.0,5,726.25,1
16912.0,456.0,4,1904.93,0
16915.0,32.0,5,921.5,1
16916.0,303.0,3,547.14,0
16917.0,395.0,2,1457.3600000000001,0
16918.0,38.0,12,2094.72,1
16919.0,32.0,18,2457.36,1
16923.0,154.0,15,6126.55,1
16926.0,65.0,6,1180.15,1
16928.0,64.0,15,1212.08,1
16931.0,154.0,3,629.4,1
16932.0,2.0,2,278.77,1
16933.0,39.0,11,2569.52,1
16934.0,158.0,5,1139.81,1
16938.0,216.0,5,4306.8,0
16939.0,126.0,3,449.0,1
16940.0,487.0,8,3195.5299999999997,0
16941.0,161.0,1,33.0,1
16943.0,67.0,4,0.0,1
16944.0,99.0,1,101.36,1
16945.0,31.0,16,4185.16,1
16946.0,70.0,6,1199.54,1
16947.0,100.0,9,490.25,1
16948.0,68.0,4,433.75,1
16950.0,153.0,10,2546.63,1
16952.0,156.0,3,631.17,1
16954.0,10.0,12,3952.25,1
16955.0,183.0,6,767.49,1
16960.0,92.0,6,1514.93,1
16961.0,219.0,5,538.84,0
16964.0,548.0,2,207.85,0
16972.0,94.0,2,786.25,1
16974.0,219.0,2,365.5,0
16975.0,1.0,5,902.4200000000001,1
16977.0,92.0,4,496.0,1
16978.0,40.0,2,424.55,1
16979.0,155.0,4,978.04,1
16980.0,155.0,1,394.37,1
16983.0,214.0,5,1778.97,0
16984.0,159.0,14,6207.0,1
16985.0,34.0,15,5084.14,1
16986.0,254.0,9,3015.55,0
16987.0,8.0,5,898.95,1
16992.0,40.0,9,3858.2400000000002,1
16993.0,7.0,3,1688.15,1
16995.0,302.0,1,-1.25,0
16996.0,276.0,4,616.7,0
17000.0,123.0,2,406.3,1
17001.0,187.0,8,2651.23,1
17002.0,131.0,4,1077.82,1
17003.0,2.0,4,830.16,1
17004.0,1.0,2,1012.22,1
17006.0,1.0,4,854.54,1
17008.0,185.0,1,81.36,1
17009.0,189.0,1,242.06,1
17011.0,312.0,3,265.8,0
17016.0,7.0,1,552.4,1
17017.0,91.0,18,-486.6999999999997,1
17018.0,37.0,4,1367.6,1
17019.0,183.0,10,2678.89,1
17020.0,284.0,2,935.62,0
17021.0,3.0,6,1182.22,1
17022.0,277.0,1,189.0,0
17023.0,41.0,3,800.18,1
17025.0,131.0,4,1152.87,1
17026.0,214.0,2,54.15,0
17027.0,426.0,3,436.82,0
17028.0,160.0,3,1593.83,1
17029.0,70.0,5,1421.3,1
17031.0,156.0,4,2393.5,1
17032.0,67.0,13,2150.06,1
17033.0,154.0,1,302.65000000000003,1
17035.0,640.0,2,180.06,0
17040.0,159.0,1,13.52,1
17041.0,154.0,3,604.71,1
17043.0,123.0,4,881.37,1
17044.0,70.0,13,10970.17,1
17045.0,185.0,2,488.24,1
17046.0,4.0,4,1264.05,1
17047.0,130.0,3,1188.33,1
17048.0,7.0,5,1127.13,1
17049.0,100.0,14,3999.0,1
17050.0,126.0,6,1162.82,1
17051.0,310.0,3,467.25,0
17056.0,699.0,1,128.60000000000002,0
17059.0,4.0,6,2489.79,1
17062.0,91.0,4,669.85,1
17063.0,65.0,12,2155.29,1
17065.0,9.0,2,194.7,1
17067.0,487.0,3,454.54,0
17068.0,5.0,28,4595.09,1
17069.0,190.0,9,3063.18,1
17071.0,159.0,6,1352.97,1
17075.0,185.0,6,1407.61,1
17076.0,1.0,3,401.66999999999996,1
17077.0,68.0,1,306.0,1
17080.0,219.0,5,669.91,0
17081.0,92.0,4,674.23,1
17082.0,62.0,4,2728.18,1
17083.0,101.0,8,2629.3,1
17084.0,123.0,2,2249.97,1
17085.0,35.0,26,6202.36,1
17087.0,668.0,1,221.53,0
17091.0,1.0,14,3974.69,1
17092.0,7.0,10,3785.53,1
17094.0,2.0,1,100.2,1
17095.0,32.0,6,1224.39,1
17096.0,309.0,10,2698.15,0
17097.0,91.0,2,386.03,1
17101.0,62.0,3,885.3199999999999,1
17104.0,2.0,1,474.03,1
17107.0,154.0,6,5236.39,1
17110.0,130.0,2,347.4,1
17111.0,63.0,1,227.97,1
17113.0,38.0,8,2109.16,1
17115.0,97.0,8,1809.39,1
17116.0,343.0,1,389.78,0
17121.0,304.0,1,314.74,0
17126.0,276.0,4,1065.69,0
17127.0,155.0,5,1155.0300000000002,1
17129.0,158.0,1,31.85,1
17132.0,126.0,2,1272.8,1
17133.0,38.0,6,8079.85,1
17135.0,30.0,5,803.51,1
17137.0,95.0,6,1133.63,1
17138.0,100.0,6,4036.77,1
17139.0,40.0,14,8906.04,1
17143.0,5.0,2,924.11,1
17145.0,188.0,7,3014.64,1
17146.0,36.0,13,5046.21,1
17147.0,8.0,10,1389.51,1
17150.0,277.0,6,1375.65,0
17151.0,609.0,1,231.90000000000003,0
17152.0,63.0,1,327.0,1
17155.0,487.0,5,640.76,0
17156.0,4.0,2,572.07,1
17157.0,100.0,17,4832.9,1
17158.0,67.0,3,695.33,1
17159.0,253.0,2,560.71,0
17160.0,132.0,12,6683.33,1
17163.0,313.0,2,406.68,0
17165.0,11.0,7,1624.95,1
17169.0,68.0,2,313.0,1
17170.0,303.0,3,118.98,0
17172.0,124.0,4,597.73,1
17176.0,339.0,2,596.1899999999999,0
17178.0,487.0,1,436.71,0
17180.0,6.0,8,1455.95,1
17181.0,334.0,2,225.45000000000002,0
17184.0,456.0,2,198.41000000000003,0
17187.0,339.0,1,263.76,0
17188.0,41.0,8,2086.25,1
17189.0,668.0,3,573.23,0
17190.0,128.0,5,1298.3,1
17191.0,36.0,12,2715.42,1
17193.0,609.0,3,580.14,0
17196.0,124.0,1,352.9,1
17198.0,91.0,2,521.66,1
17199.0,190.0,1,145.12,1
17201.0,71.0,4,883.81,1
17204.0,67.0,6,3910.78,1
17208.0,92.0,1,115.35,1
17209.0,395.0,3,611.6,0
17210.0,1.0,1,253.37,1
17211.0,214.0,7,1702.43,0
17212.0,65.0,2,567.5600000000001,1
17213.0,100.0,10,2337.85,1
17215.0,337.0,1,186.15,0
17216.0,281.0,1,65.05,0
17218.0,62.0,9,2231.96,1
17220.0,70.0,7,1283.5,1
17221.0,38.0,3,643.39,1
17222.0,72.0,5,1250.86,1
17223.0,183.0,2,446.74,1
17225.0,160.0,1,131.15,1
17226.0,10.0,2,506.63,1
17227.0,159.0,7,1082.71,1
17228.0,9.0,7,1271.1499999999999,1
17230.0,132.0,12,6229.24,1
17231.0,126.0,21,3963.25,1
17235.0,248.0,7,1354.82,0
17236.0,162.0,6,1013.13,1
17238.0,37.0,17,4038.45,1
17239.0,63.0,4,794.2,1
17241.0,5.0,12,2744.14,1
17242.0,94.0,3,1754.24,1
17243.0,4.0,51,12080.66,3
17244.0,548.0,4,871.14,0
17246.0,36.0,2,38.92,1
17249.0,155.0,1,68.03,1
17254.0,276.0,1,198.29,0
17258.0,10.0,2,417.3,1
17259.0,183.0,5,1285.97,1
17262.0,122.0,7,1504.26,1
17264.0,32.0,1,279.59,1
17266.0,100.0,2,207.09,1
17268.0,8.0,7,970.25,1
17270.0,517.0,2,604.4,0
17271.0,640.0,1,210.39,0
17273.0,32.0,1,141.12,1
17274.0,92.0,1,465.4,1
17276.0,215.0,2,451.34000000000003,0
17281.0,191.0,6,797.8499999999999,1
17282.0,93.0,2,636.25,1
17286.0,245.0,2,241.56,0
17287.0,153.0,18,3031.6,1
17288.0,62.0,4,1080.25,1
17289.0,9.0,7,1133.73,1
17290.0,280.0,6,976.2,0
17292.0,98.0,2,271.75,1
17293.0,62.0,8,1899.1200000000001,1
17294.0,132.0,2,467.78999999999996,1
17296.0,456.0,1,338.13,0
17298.0,131.0,4,454.1,1
17305.0,343.0,1,2135.46,0
17306.0,31.0,2,1151.04,1
17307.0,32.0,15,3378.31,1
17308.0,31.0,2,4511.76,1
17309.0,254.0,2,247.84,0
17311.0,1.0,5,2105.81,1
17314.0,5.0,11,1999.94,1
17315.0,335.0,6,3354.09,0
17319.0,132.0,1,29.1,1
17320.0,183.0,4,1695.15,1
17321.0,37.0,4,1040.32,1
17322.0,640.0,7,900.64,0
17323.0,3.0,5,644.52,1
17324.0,94.0,10,1158.64,1
17325.0,131.0,2,512.77,1
17328.0,253.0,1,104.7,0
17329.0,487.0,3,481.32,0
17330.0,312.0,2,59.900000000000006,0
17332.0,98.0,5,838.27,1
17338.0,62.0,10,5424.39,1
17339.0,91.0,3,60.0,1
17340.0,62.0,16,9520.46,1
17341.0,122.0,3,1108.47,1
17342.0,132.0,7,1155.8400000000001,1
17343.0,639.0,5,1066.3,0
17344.0,395.0,2,294.04,0
17345.0,221.0,8,946.64,0
17346.0,97.0,12,2646.44,1
17348.0,70.0,4,1316.8899999999999,1
17350.0,62.0,3,619.971,1
17351.0,124.0,9,1401.08,1
17352.0,11.0,1,36.25,1
17353.0,68.0,5,1415.55,1
17354.0,155.0,3,1750.3999999999999,1
17356.0,281.0,4,768.25,0
17359.0,343.0,1,156.6,0
17360.0,336.0,4,615.64,0
17361.0,344.0,2,392.44,0
17362.0,130.0,6,698.3100000000001,1
17363.0,91.0,3,940.86,1
17364.0,7.0,19,7228.82,1
17365.0,5.0,8,3404.27,1
17366.0,1.0,3,1094.59,1
17368.0,127.0,7,863.72,1
17369.0,64.0,1,979.1999999999999,1
17371.0,487.0,3,238.66,0
17372.0,38.0,23,2982.75,1
17374.0,30.0,2,215.44,1
17375.0,246.0,1,260.45,0
17376.0,219.0,2,250.44,0
17377.0,3.0,72,13925.49,3
17380.0,219.0,4,643.75,0
17381.0,92.0,12,19726.76,1
17382.0,339.0,7,836.88,0
17383.0,3.0,1,110.69999999999999,1
17388.0,2.0,7,1432.01,1
17389.0,4.0,34,23286.95,3
17393.0,126.0,2,381.15,1
17396.0,275.0,9,1198.8,0
17400.0,159.0,3,2547.09,1
17402.0,4.0,15,2413.23,1
17404.0,124.0,10,15706.0,1
17406.0,122.0,14,2663.38,1
17409.0,39.0,8,7021.66,1
17411.0,91.0,6,537.59,1
17412.0,159.0,13,3126.92,1
17414.0,2.0,4,1471.52,1
17416.0,31.0,16,10383.13,1
17417.0,97.0,1,164.18,1
17419.0,32.0,8,2273.95,1
17420.0,276.0,6,475.7,0
17421.0,185.0,3,1059.41,1
17422.0,217.0,10,1488.52,1
17423.0,31.0,1,420.54,1
17424.0,155.0,1,-176.96,1
17426.0,8.0,10,2584.11,1
17428.0,2.0,19,14159.61,1
17429.0,123.0,3,830.04,1
17430.0,91.0,3,469.40999999999997,1
17432.0,639.0,7,1385.6299999999999,0
17436.0,395.0,5,305.01,0
17438.0,131.0,4,1034.32,1
17440.0,128.0,1,137.16,1
17441.0,518.0,1,293.35,0
17442.0,70.0,14,2290.44,1
17448.0,9.0,53,14480.36,3
17449.0,128.0,6,2430.29,1
17450.0,153.0,8,46097.22,1
17454.0,37.0,7,1015.11,1
17456.0,91.0,2,975.5600000000001,1
17457.0,2.0,13,4061.31,1
17460.0,281.0,15,1554.77,0
17463.0,340.0,3,656.55,0
17464.0,219.0,3,589.78,0
17465.0,63.0,9,2533.64,1
17467.0,92.0,1,102.6,1
17469.0,8.0,16,3115.28,1
17470.0,123.0,7,1679.8,1
17473.0,93.0,3,592.15,1
17476.0,30.0,4,446.51,1
17477.0,162.0,5,1079.0,1
17482.0,68.0,2,778.19,1
17484.0,7.0,2,209.57,1
17485.0,699.0,1,-29.55,0
17487.0,395.0,1,160.55,0
17488.0,131.0,1,336.5,1
17491.0,67.0,8,2422.2000000000003,1
17492.0,96.0,2,747.85,1
17496.0,190.0,4,1114.84,1
17497.0,130.0,2,287.25,1
17499.0,67.0,2,673.96,1
17504.0,7.0,9,6568.09,1
17505.0,159.0,3,1289.64,1
17508.0,7.0,8,4159.47,1
17511.0,7.0,42,83760.6,3
17512.0,159.0,9,2512.23,1
17514.0,132.0,1,334.18,1
17515.0,62.0,5,978.4399999999999,1
17518.0,63.0,2,329.42,1
17519.0,127.0,11,3263.73,1
17521.0,62.0,2,554.85,1
17525.0,154.0,2,739.2,1
17526.0,2.0,9,2970.14,1
17529.0,41.0,2,1240.25,1
17530.0,90.0,4,755.5600000000001,1
17531.0,96.0,7,897.77,1
17533.0,336.0,1,34.8,0
17539.0,72.0,7,1047.07,1
17540.0,37.0,4,1011.7,1
17542.0,131.0,2,170.95,1
17543.0,128.0,1,120.05,1
17545.0,37.0,3,802.58,1
17546.0,36.0,1,-648.05,1
17547.0,10.0,4,692.35,1
17548.0,123.0,4,486.48,1
17550.0,3.0,7,1939.3799999999999,1
17552.0,37.0,12,2129.24,1
17553.0,130.0,3,2270.0,1
17555.0,63.0,3,574.48,1
17557.0,518.0,1,34.0,0
17558.0,31.0,1,259.17,1
17560.0,92.0,4,1040.85,1
17561.0,548.0,3,554.72,0
17563.0,68.0,5,309.28000000000003,1
17565.0,310.0,1,131.83,0
17567.0,303.0,2,1024.55,0
17572.0,31.0,7,496.26000000000005,1
17575.0,71.0,1,171.7,1
17576.0,1.0,24,5427.88,1
17577.0,101.0,2,348.75,1
17578.0,308.0,8,878.99,0
17579.0,68.0,1,304.38,1
17581.0,31.0,24,7511.36,1
17585.0,186.0,3,960.23,1
17588.0,9.0,6,1661.45,1
17589.0,162.0,17,11500.65,1
17591.0,153.0,2,550.7,1
17592.0,699.0,2,0.0,0
17593.0,343.0,9,4132.44,0
17596.0,183.0,8,2079.39,1
17597.0,67.0,6,1380.92,1
17599.0,337.0,3,44.55,0
17602.0,129.0,10,2286.66,1
17603.0,223.0,6,1285.31,0
17606.0,668.0,1,87.30000000000001,0
17608.0,38.0,2,305.11,1
17609.0,99.0,8,655.0699999999999,1
17610.0,68.0,8,1427.84,1
17611.0,68.0,16,4257.51,1
17612.0,4.0,22,3163.38,1
17615.0,34.0,4,396.1,1
17616.0,153.0,2,489.59999999999997,1
17618.0,277.0,10,3076.36,0
17621.0,246.0,4,1693.22,0
17623.0,4.0,6,1856.6200000000001,1
17627.0,425.0,2,285.11,0
17631.0,101.0,4,470.16,1
17635.0,32.0,4,1256.83,1
17638.0,312.0,2,842.4,0
17640.0,3.0,7,2485.93,1
17641.0,699.0,1,-6.95,0
17642.0,185.0,3,1112.2,1
17643.0,334.0,2,439.7,0
17644.0,62.0,11,3095.56,1
17645.0,395.0,1,-9.9,0
17646.0,64.0,13,3098.5,1
17647.0,132.0,2,198.6,1
17651.0,5.0,8,1745.92,1
17655.0,122.0,3,1013.54,1
17657.0,216.0,1,126.0,0
17659.0,303.0,4,829.38,0
17660.0,668.0,1,163.47,0
17661.0,131.0,1,-54.0,1
17663.0,67.0,14,3292.77,1
17665.0,279.0,1,563.1,0
17666.0,307.0,3,1319.6399999999999,0
17667.0,219.0,7,1828.29,0
17669.0,278.0,3,2735.63,0
17671.0,91.0,2,830.63,1
17672.0,131.0,5,2600.46,1
17673.0,159.0,8,2594.11,1
17674.0,183.0,1,300.66,1
17675.0,10.0,51,17507.74,3
17676.0,122.0,7,1339.25,1
17677.0,2.0,52,19647.41,3
17679.0,188.0,9,1174.45,1
17681.0,395.0,6,529.6,0
17682.0,131.0,6,1982.45,1
17683.0,280.0,3,819.01,0
17685.0,1.0,8,2736.64,1
17686.0,1.0,2,2557.35,1
17688.0,31.0,2,286.5,1
17690.0,122.0,8,2690.15,1
17691.0,36.0,4,479.45,1
17692.0,32.0,9,2228.96,1
17695.0,62.0,4,955.2,1
17696.0,4.0,34,5179.84,1
17700.0,2.0,12,4121.98,1
17702.0,62.0,4,1192.07,1
17705.0,7.0,2,260.38,1
17706.0,2.0,24,9446.53,1
17707.0,161.0,7,452.65000000000003,1
17708.0,2.0,2,620.85,1
17709.0,126.0,4,533.56,1
17710.0,2.0,1,293.5,1
17713.0,97.0,4,1198.09,1
17714.0,32.0,8,1223.58,1
17716.0,34.0,15,10165.53,1
17718.0,223.0,2,247.63,0
17720.0,68.0,9,1519.12,1
17722.0,122.0,2,2006.32,1
17726.0,92.0,8,1089.56,1
17728.0,3.0,3,1345.45,1
17730.0,4.0,8,2468.52,1
17731.0,101.0,2,468.88,1
17732.0,95.0,10,2144.17,1
17734.0,38.0,3,741.69,1
17735.0,2.0,11,4052.56,1
17738.0,36.0,10,2282.01,1
17739.0,41.0,12,4932.09,1
17740.0,41.0,6,426.9,1
17742.0,94.0,9,1743.3700000000001,1
17745.0,309.0,2,600.34,0
17746.0,130.0,5,774.63,1
17749.0,36.0,1,351.66,1
17753.0,194.0,5,388.06,1
17754.0,9.0,10,2769.47,1
17755.0,32.0,1,-72.23,1
17756.0,62.0,3,733.7,1
17757.0,4.0,31,3757.35,1
17758.0,124.0,4,1555.83,1
17759.0,31.0,2,441.92,1
17760.0,334.0,6,624.09,0
17762.0,93.0,1,129.75,1
17763.0,253.0,4,36.15,0
17764.0,303.0,3,804.82,0
17768.0,668.0,5,1231.3799999999999,0
17769.0,38.0,9,3034.03,1
17772.0,1.0,1,202.0,1
17774.0,94.0,8,1730.24,1
17780.0,71.0,3,352.91,1
17784.0,159.0,1,112.86,1
17787.0,275.0,1,736.28,0
17790.0,35.0,6,818.06,1
17796.0,214.0,4,664.09,0
17797.0,92.0,5,1205.44,1
17798.0,160.0,1,183.09,1
17799.0,64.0,12,3190.66,1
17801.0,128.0,4,795.78,1
17802.0,35.0,13,3664.0,1
17803.0,1.0,1,184.66,1
17804.0,699.0,4,380.13,0
17805.0,130.0,1,414.72,1
17807.0,92.0,3,437.87,1
17808.0,97.0,4,262.64,1
17809.0,124.0,12,5871.2300000000005,1
17810.0,101.0,3,344.86,1
17811.0,92.0,9,1770.82,1
17812.0,32.0,4,433.73,1
17815.0,31.0,1,591.96,1
17816.0,91.0,3,75.76,1
17818.0,668.0,1,130.18,0
17819.0,221.0,6,2907.65,0
17827.0,251.0,2,385.84,0
17829.0,32.0,5,3791.1800000000003,1
17838.0,5.0,11,3926.8500000000004,1
17841.0,2.0,126,29175.41,3
17845.0,7.0,4,598.19,1
17847.0,5.0,2,129.69,1
17848.0,98.0,22,2736.95,1
17849.0,128.0,4,457.96000000000004,1
17850.0,67.0,158,50414.5,3
17851.0,338.0,6,1563.34,0
17852.0,487.0,3,548.87,0
17853.0,640.0,3,1608.19,0
17854.0,278.0,4,760.19,0
17855.0,303.0,1,208.97,0
17857.0,91.0,2,1803.2,1
17858.0,38.0,21,7567.64,1
17860.0,155.0,4,762.74,1
17861.0,30.0,13,3005.39,1
17862.0,30.0,3,948.1899999999999,1
17863.0,214.0,7,2585.2,0
17864.0,124.0,2,326.82,1
17865.0,8.0,35,15490.51,3
17866.0,4.0,2,805.3000000000001,1
17867.0,36.0,12,273.03,1
17869.0,67.0,3,607.98,1
17870.0,122.0,2,1213.8,1
17871.0,67.0,4,963.09,1
17873.0,246.0,15,4465.2,0
17876.0,215.0,3,3424.02,0
17878.0,92.0,2,1032.88,1
17880.0,70.0,2,366.0,1
17884.0,93.0,21,2311.44,1
17888.0,65.0,21,793.12,1
17894.0,62.0,13,1277.8500000000001,1
17897.0,7.0,9,1992.9,1
17901.0,188.0,2,149.7,1
17902.0,36.0,1,216.39999999999998,1
17903.0,62.0,1,381.09000000000003,1
17905.0,253.0,11,1573.98,0
17907.0,100.0,1,291.76,1
17908.0,155.0,7,1114.61,1
17909.0,668.0,1,132.55,0
17913.0,98.0,12,3068.04,1
17915.0,189.0,1,242.13,1
17916.0,548.0,2,43.87,0
17920.0,32.0,41,20305.81,3
17921.0,3.0,8,1556.83,1
17924.0,302.0,3,550.95,0
17925.0,303.0,1,244.08,0
17926.0,98.0,3,638.2,1
17929.0,456.0,8,2239.1,0
17930.0,31.0,10,2502.44,1
17931.0,154.0,16,2897.6,1
17935.0,245.0,6,509.75,0
17940.0,640.0,8,24976.44,0
17941.0,194.0,3,1128.72,1
17944.0,2.0,1,75.41,1
17945.0,11.0,3,360.35,1
17949.0,3.0,87,46144.75,3
17950.0,5.0,7,940.53,1
17951.0,334.0,2,627.5400000000001,0
17954.0,1.0,14,1536.19,1
17955.0,10.0,2,392.6,1
17958.0,395.0,1,465.42,0
17960.0,131.0,2,61.300000000000004,1
17961.0,11.0,64,1682.65,3
17962.0,128.0,4,570.19,1
17963.0,36.0,4,651.51,1
17964.0,303.0,1,261.76,0
17965.0,90.0,21,4495.21,1
17967.0,275.0,2,234.22,0
17968.0,334.0,4,610.6899999999999,0
17969.0,5.0,25,2022.99,1
17971.0,97.0,1,161.94,1
17974.0,62.0,3,1117.27,1
17975.0,2.0,13,2534.07,1
17976.0,303.0,1,353.19,0
17977.0,245.0,2,1219.59,0
17978.0,41.0,4,1160.84,1
17980.0,31.0,1,221.97,1
17983.0,92.0,1,171.71,1
17984.0,1.0,4,1038.59,1
17987.0,159.0,5,729.55,1
17988.0,95.0,7,288.42,1
17990.0,96.0,4,891.73,1
17993.0,342.0,1,235.19,0
17994.0,68.0,8,1633.18,1
17996.0,36.0,3,482.33,1
17998.0,668.0,4,601.74,0
17999.0,122.0,2,348.84,1
18001.0,36.0,4,536.61,1
18002.0,308.0,4,249.92,0
18006.0,341.0,3,553.1800000000001,0
18007.0,1.0,1,220.32,1
18008.0,2.0,14,17670.94,1
18009.0,190.0,12,1824.84,1
18011.0,333.0,2,424.24,0
18017.0,246.0,1,165.0,0
18018.0,215.0,3,34.55,0
18022.0,1.0,4,983.68,1
18025.0,1.0,6,1177.72,1
18028.0,221.0,1,192.05,0
18029.0,162.0,1,433.77,1
18036.0,96.0,8,1158.02,1
18037.0,159.0,9,97.39999999999999,1
18038.0,340.0,1,149.41,0
18039.0,100.0,4,579.17,1
18041.0,40.0,21,4508.51,1
18043.0,122.0,1,316.46,1
18044.0,155.0,8,1417.01,1
18048.0,279.0,1,229.44,0
18050.0,31.0,1,337.66,1
18051.0,163.0,8,2275.98,1
18053.0,3.0,4,230.7,1
18054.0,1.0,1,176.5,1
18055.0,153.0,6,4411.38,1
18057.0,31.0,3,1203.56,1
18058.0,71.0,2,603.9,1
18061.0,41.0,20,4361.06,1
18064.0,70.0,13,3627.18,1
18065.0,10.0,17,3456.8,1
18070.0,132.0,2,307.75,1
18071.0,91.0,5,975.63,1
18074.0,334.0,2,1019.44,0
18075.0,1.0,17,3041.19,1
18077.0,122.0,8,1705.55,1
18078.0,63.0,2,508.47,1
18079.0,218.0,1,590.78,0
18083.0,154.0,1,470.72999999999996,1
18085.0,30.0,3,955.8000000000001,1
18087.0,31.0,17,10641.5,1
18092.0,91.0,9,7107.43,1
18094.0,98.0,8,3305.32,1
18095.0,68.0,3,1723.04,1
18098.0,123.0,1,550.84,1
18100.0,159.0,1,451.56,1
18101.0,285.0,3,405.51,0
18102.0,8.0,95,341776.73,2
18103.0,128.0,1,105.8,1
18108.0,668.0,2,577.8100000000001,0
18109.0,31.0,15,1829.34,1
18111.0,221.0,2,398.9,0
18112.0,189.0,2,423.27,1
18113.0,183.0,1,76.32000000000001,1
18115.0,41.0,1,9.700000000000001,1
18116.0,1.0,5,736.27,1
18118.0,214.0,5,1074.3,0
18119.0,153.0,1,181.12,1
18127.0,335.0,1,212.8,0
18135.0,1.0,8,547.3100000000001,1
18136.0,304.0,5,769.88,0
18137.0,189.0,2,145.99,1
18141.0,30.0,3,873.97,1
18144.0,36.0,8,2169.25,1
18145.0,34.0,8,2738.54,1
18148.0,284.0,1,114.10000000000001,0
18149.0,189.0,4,1012.63,1
18151.0,253.0,5,1200.59,0
18152.0,284.0,1,426.69,0
18154.0,187.0,3,533.41,1
18156.0,214.0,1,206.23000000000002,0
18162.0,518.0,1,379.16,0
18163.0,251.0,2,639.34,0
18168.0,3.0,15,2536.48,1
18170.0,131.0,6,1897.69,1
18171.0,188.0,4,1206.0,1
18172.0,32.0,38,9811.66,3
18173.0,191.0,1,589.52,1
18175.0,313.0,1,176.1,0
18178.0,9.0,9,4481.08,1
18179.0,219.0,2,754.38,0
18181.0,245.0,6,801.41,0
18182.0,306.0,1,291.13,0
18188.0,216.0,4,1264.7,0
18193.0,122.0,3,942.74,1
18194.0,130.0,5,3188.2000000000003,1
18199.0,313.0,2,342.2,0
18203.0,159.0,3,344.0,1
18206.0,250.0,1,314.65999999999997,0
18207.0,279.0,3,505.12,0
18214.0,127.0,5,1480.99,1
18215.0,245.0,5,1939.65,0
18217.0,219.0,4,281.05,0
18219.0,67.0,9,1487.6200000000001,1
18220.0,62.0,9,1473.92,1
18223.0,132.0,25,7182.35,1
18225.0,91.0,19,7289.89,1
18226.0,4.0,24,6556.48,1
18227.0,4.0,2,0.0,1
18229.0,122.0,10,3526.81,1
18230.0,91.0,3,1474.1100000000001,1
18231.0,7.0,24,4782.0,1
18234.0,189.0,1,179.6,1
18236.0,336.0,6,913.11,0
18238.0,5.0,1,270.92,1
18239.0,302.0,2,588.75,0
18241.0,31.0,5,896.0,1
18242.0,41.0,4,1372.72,1
18244.0,216.0,2,568.64,0
18245.0,32.0,15,3728.67,1
18246.0,99.0,1,162.72,1
18247.0,128.0,6,721.43,1
18251.0,39.0,8,21964.14,1
18252.0,41.0,6,938.92,1
18253.0,162.0,1,317.88,1
18254.0,160.0,1,267.9,1
18255.0,94.0,1,199.85,1
18257.0,187.0,6,2231.42,1
18258.0,36.0,8,2040.97,1
18259.0,122.0,5,1979.6000000000001,1
18260.0,2.0,24,7156.95,1
18262.0,31.0,2,428.06,1
18266.0,336.0,1,251.1,0
18267.0,224.0,2,252.87,0
18268.0,101.0,6,1451.22,1
18269.0,122.0,1,168.6,1
18270.0,277.0,1,161.4,0
18271.0,99.0,2,680.85,1
18272.0,97.0,4,1282.55,1
18275.0,68.0,2,741.85,1
18276.0,1.0,7,1297.31,1
18277.0,154.0,6,1013.75,1
18279.0,127.0,1,231.33999999999997,1
18280.0,62.0,2,291.85,1
18281.0,37.0,1,120.32,1
18283.0,312.0,6,641.77,0
18284.0,185.0,2,436.68,1
18287.0,699.0,5,2340.61,0
